,Booking number,Start,End,Participants,Adults,Participants (details),Experience,Product code,Status,Booking status,Promotion,Number of coupons,Coupons,Specific gift voucher,Prepaid credits,Prepaid package,Adjustments,Total adjustments,Total net,Total paid,Created,Created by,Last changed,Last changed by,Canceled,Canceled by,Add a full service Cryo-air facial with skincare treatment?,Would you like float audio?,Would you like lights on extra?,ID
0,2556005148807663,2020-05-17 10:30:00,2020-05-17 12:00:00,2,2,,Weightless Luxury Float,R1A-STDFLOT,normal,,15afsl BOOKINGS,,,,0,,,,12099.1,13430,2020-05-14 11:13:00,CUSTOMER,,,,,,"Yes, ambient music for 15m","Yes, low for 15m",-8561293266574823987
1,2556005147366661,2020-05-15 16:30:00,2020-05-15 18:00:00,2,2,,Weightless Luxury Float,R1A-STDFLOT,normal,,,,,,0,,,,14234.24,15800,2020-05-14 15:41:00,CUSTOMER,,,,,,"Yes, ambient music for 60m","No, just dark after I get in...",8655874099165052813
2,2556005176711086,2020-05-17 13:30:00,2020-05-17 15:00:00,2,2,,Weightless Luxury Float,R1A-STDFLOT,normal,,,,,,0,,,,14234.24,15800,2020-05-17 12:49:00,CUSTOMER,,,,,,"Yes, ambient music for 30m","No, just dark after I get in...",-9053044382769807787
3,2556005178902031,2020-05-17 18:00:00,2020-05-17 19:30:00,1,1,,Weightless Luxury Float,R1A-STDFLOT,normal,,,,,,0,,,,7117.12,7900,2020-05-17 17:52:00,Lobby,,,,,,"No, just quiet, please","No, just dark after I get in...",0
4,2556005207608961,2020-05-20 16:30:00,2020-05-20 18:00:00,2,2,,Weightless Luxury Float,R1A-STDFLOT,normal,,,,,,0,,HFX-4335,-15800.0,0.01,0,2020-05-20 12:00:00,Manager,,,,,,"No, just quiet, please","No, just dark after I get in...",-4976859965946665092
5,2556005203547940,2020-05-21 12:00:00,2020-05-21 13:30:00,2,2,,Weightless Luxury Float,R1A-STDFLOT,normal,,,,,,0,,,,14234.24,15800,2020-05-20 12:58:00,CUSTOMER,,,,,,"No, just quiet, please","No, just dark after I get in...",-2797238940531018177
6,2556005207082009,2020-06-10 19:30:00,2020-06-10 21:00:00,2,2,,Weightless Luxury Float,R1A-STDFLOT,normal,,,,,,0,,,,14234.24,15800,2020-05-20 20:40:00,CUSTOMER,2020-05-28 18:21:00,Manager,,,,"Yes, ambient music for 15m","Yes, low for 15m",-1004354977391830872
7,2556005219936890,2020-05-21 18:00:00,2020-05-21 19:30:00,1,1,,Weightless Luxury Float,R1A-STDFLOT,normal,,,,,,0,,,,7117.12,7900,2020-05-21 02:09:00,CUSTOMER,,,,,,"Yes, ambient music for 30m","No, just dark after I get in...",-5339503623253357799
8,2556005218067465,2020-05-22 12:00:00,2020-05-22 13:30:00,1,1,,Weightless Luxury Float,R1A-STDFLOT,normal,,,,,,0,,,,7117.12,7900,2020-05-21 12:55:00,CUSTOMER,,,,,,"No, just quiet, please","No, just dark after I get in...",-6402590533447393323
9,2556005223340458,2020-05-22 15:00:00,2020-05-22 16:30:00,1,1,,Weightless Luxury Float,R1A-STDFLOT,normal,,,,,,0,,,,7117.12,7900,2020-05-22 12:31:00,CUSTOMER,2020-05-22 13:14:00,Manager,,,,"Yes, ambient music for 60m","Yes, low for 60m",-5946386488860174914
10,2556005223018043,2020-05-22 13:30:00,2020-05-22 15:00:00,1,1,,Weightless Luxury Float,R1A-STDFLOT,canceled,,,,,,0,,,,7117.12,0,2020-05-22 13:53:00,Lobby,,,2020-05-22 15:27:00,Ryan Kevinsson,,"No, just quiet, please","No, just dark after I get in...",0
11,2556005223226460,2020-05-22 13:30:00,2020-05-22 15:00:00,1,1,,Weightless Luxury Float,R1A-STDFLOT,normal,,,,,,0,,noise discount,-3000.0,4414.42,4900,2020-05-22 15:30:00,Manager,2020-05-22 15:31:00,Manager,,,,"No, just quiet, please","No, just dark after I get in...",-2116016614157863231
12,2556005236586558,2020-05-23 16:30:00,2020-05-23 18:00:00,1,1,,Weightless Luxury Float,R1A-STDFLOT,normal,,,,,,0,,HFX 4237 33,-7900.0,0.0,0,2020-05-23 10:26:00,Manager,,,,,,"No, just quiet, please","No, just dark after I get in...",0
13,2556005244026526,2020-05-24 18:00:00,2020-05-24 19:30:00,2,2,,Weightless Luxury Float,R1A-STDFLOT,normal,,,,,,0,,,,14234.24,0,2020-05-24 12:40:00,Manager,2020-05-24 12:40:00,Manager,,,,"No, just quiet, please","No, just dark after I get in...",0
14,2556005248901219,2020-05-28 12:00:00,2020-05-28 13:30:00,2,2,,Weightless Luxury Float,R1A-STDFLOT,normal,,,,,,0,,,,14234.24,15800,2020-05-24 17:03:00,CUSTOMER,,,,,,"No, just quiet, please","No, just dark after I get in...",-3980311693200260784
15,2556005255245002,2020-05-28 15:00:00,2020-05-28 16:30:00,2,2,,Weightless Luxury Float,R1A-STDFLOT,normal,,GJAFABREF 2018-2019,2.0,"2F-68674PF,2F-68674PF",,0,,,,0.0,0,2020-05-25 14:32:00,Manager,,,,,,"No, just quiet, please","No, just dark after I get in...",2836886167283979238
16,2556005251929726,2020-05-28 12:00:00,2020-05-28 13:30:00,1,1,,Weightless Luxury Float,R1A-STDFLOT,canceled,,,,,,0,,,,7117.12,0,2020-05-25 14:44:00,CUSTOMER,,,2020-05-28 01:24:00,CUSTOMER,,"Yes, ambient music for 30m","No, just dark after I get in...",-6349929098597778435
17,2556005256422840,2020-05-28 10:30:00,2020-05-28 12:00:00,1,1,,Weightless Luxury Float,R1A-STDFLOT,normal,,GJAFABREF 2018-2019,1.0,2F-38264ZJ,,0,,,,0.0,0,2020-05-25 22:40:00,CUSTOMER,,,,,,"No, just quiet, please","No, just dark after I get in...",-4867729843281500095
18,2556005251493107,2020-05-28 18:00:00,2020-05-28 19:30:00,1,1,,Weightless Luxury Float,R1A-STDFLOT,normal,,,,,,1,FLOATS - 12 month expire,,,0.0,0,2020-05-25 22:47:00,Manager,,,,,,"No, just quiet, please","No, just dark after I get in...",-6394378385733289358
19,2556005253149991,2020-05-28 18:00:00,2020-05-28 19:30:00,1,1,,Weightless Luxury Float,R1A-STDFLOT,normal,,,,,,1,FLOATS - 12 month expire,,,0.0,0,2020-05-25 22:47:00,Manager,,,,,,"No, just quiet, please","No, just dark after I get in...",-6394378385733289358
20,2556005258313226,2020-05-30 10:30:00,2020-05-30 12:00:00,1,1,,Weightless Luxury Float,R1A-STDFLOT,normal,,,,,,0,,HFS3270,-7900.0,0.0,0,2020-05-25 23:07:00,Manager,,,,,,"No, just quiet, please","No, just dark after I get in...",-3631992404823554281
21,2556005263903554,2020-05-28 13:30:00,2020-05-28 15:00:00,2,2,,Weightless Luxury Float,R1A-STDFLOT,normal,,,,,,0,,,,14234.24,15800,2020-05-26 00:32:00,CUSTOMER,,,,,,"No, just quiet, please","Yes, low for 15m",5754345575991254369
22,2556005264135197,2020-06-03 10:15:00,2020-06-03 10:30:00,1,1,,Therapeutic Massage Chair 15 minutes ,R1A-NUDDSTOLL,normal,,,,,,0,,,,1621.62,1800,2020-05-26 08:54:00,CUSTOMER,,,,,,,,-6065254621376640460
23,2556005269344700,2020-06-03 10:30:00,2020-06-03 12:00:00,1,1,,Weightless Luxury Float,R1A-STDFLOT,normal,,,,,,0,,,,7117.12,7900,2020-05-26 08:57:00,CUSTOMER,,,,,,"Yes, ambient music for 45m","No, just dark after I get in...",-6065254621376640460
24,2556005263697897,2020-08-19 19:30:00,2020-08-19 21:00:00,1,1,,Weightless Luxury Float,R1A-STDFLOT,normal,,GJAFABREF 2018-2019,1.0,241-93797D,,0,,,,0.0,0,2020-05-26 14:32:00,CUSTOMER,2020-07-28 08:52:00,CUSTOMER,,,,"Yes, ambient music for 60m","No, just dark after I get in...",283154908359621637
25,2556005263017471,2020-06-03 16:30:00,2020-06-03 18:00:00,1,1,,Weightless Luxury Float,R1A-STDFLOT,normal,,,,,,0,,,,7117.12,7900,2020-05-26 21:08:00,CUSTOMER,,,,,,"No, just quiet, please","No, just dark after I get in...",6383838059518780016
26,2556005265948562,2020-05-30 15:00:00,2020-05-30 16:30:00,2,2,,Weightless Luxury Float,R1A-STDFLOT,normal,,,,,,0,,,,14234.24,15800,2020-05-26 22:16:00,CUSTOMER,,,,,,"Yes, ambient music for 30m","Yes, low for 30m",7512740227042078923
27,2556005276471868,2020-05-31 13:30:00,2020-05-31 15:00:00,3,3,,Weightless Luxury Float,R1A-STDFLOT,normal,,,,,,0,,,,21351.36,23700,2020-05-27 12:32:00,Manager,2020-05-28 12:45:00,Manager,,,,"No, just quiet, please","No, just dark after I get in...",0
28,2556005274780987,2020-05-29 18:00:00,2020-05-29 19:30:00,1,1,,Weightless Luxury Float,R1A-STDFLOT,normal,,,,,,1,FLOATS - 12 month expire,,,0.0,0,2020-05-27 14:08:00,CUSTOMER,2020-05-27 14:18:00,CUSTOMER,,,,"Yes, ambient music for 15m","Yes, low for 15m",7590736605189799548
29,2556005275071910,2020-05-28 16:30:00,2020-05-28 18:00:00,2,2,,Weightless Luxury Float,R1A-STDFLOT,normal,,ONE TIME 15%,,,,0,,,,12099.1,13430,2020-05-27 14:20:00,Manager,2020-05-28 16:28:00,Lobby,,,,"No, just quiet, please","No, just dark after I get in...",-2947883332802664780
30,2556005276792906,2020-05-29 10:30:00,2020-05-29 12:00:00,1,1,,Weightless Luxury Float,R1A-STDFLOT,normal,,GJAFABREF 2018-2019,1.0,12F-67447N,,0,,,,0.0,0,2020-05-27 14:47:00,CUSTOMER,,,,,,"No, just quiet, please","No, just dark after I get in...",-1435025637950381157
31,2556005279360862,2020-05-31 15:00:00,2020-05-31 16:30:00,2,2,,Weightless Luxury Float,R1A-STDFLOT,normal,,,,,,0,,Hfx,-15800.0,0.01,0,2020-05-27 21:36:00,Manager,,,,,,"No, just quiet, please","No, just dark after I get in...",-6027907288769053788
32,2556005276884761,2020-05-31 16:45:00,2020-05-31 17:15:00,1,1,,Cryo-Air Full Service Wellness Facial,R1A-CRYOFAC,normal,,,,,,0,,Hfx,-5500.0,0.0,0,2020-05-27 21:37:00,Manager,,,,,,,,-6027907288769053788
33,2556005272933898,2020-05-31 17:15:00,2020-05-31 17:45:00,1,1,,Cryo-Air Full Service Wellness Facial,R1A-CRYOFAC,normal,,,,,,0,,Hfx,-5500.0,0.0,0,2020-05-27 21:38:00,Manager,,,,,,,,-6027907288769053788
34,2556005279727306,2020-05-30 18:00:00,2020-05-30 19:30:00,2,2,,Weightless Luxury Float,R1A-STDFLOT,normal,,,,,,0,,,,14234.24,15800,2020-05-27 22:33:00,CUSTOMER,,,,,,"Yes, ambient music for 30m","Yes, low for 30m",3864050863614117282
35,2556005282095361,2020-05-28 19:30:00,2020-05-28 21:00:00,1,1,,Weightless Luxury Float,R1A-STDFLOT,normal,,,,,,0,,,,7117.12,7900,2020-05-28 17:44:00,Manager,,,,,,"No, just quiet, please","No, just dark after I get in...",-8297769557232234226
36,2556005285175774,2020-05-28 19:15:00,2020-05-28 19:30:00,1,1,,Therapeutic Massage Chair 15 minutes ,R1A-NUDDSTOLL,normal,,,,,,0,,Rpk,-1800.0,0.0,0,2020-05-28 17:45:00,Manager,2020-05-28 17:53:00,Manager,,,,,,-8297769557232234226
37,2556005283469007,2020-05-29 10:30:00,2020-05-29 12:00:00,2,2,,Weightless Luxury Float,R1A-STDFLOT,normal,,,,,,0,,,,14234.24,15800,2020-05-28 20:29:00,CUSTOMER,,,,,,"No, just quiet, please","No, just dark after I get in...",-2003044823276688721
38,2556005291671980,2020-05-30 10:30:00,2020-05-30 12:00:00,1,1,,Weightless Luxury Float,R1A-STDFLOT,normal,,,,,,0,,,,7117.12,7900,2020-05-29 10:53:00,CUSTOMER,,,,,,"Yes, ambient music for 30m","Yes, low for 15m",-2929877656059917835
39,2556005292271903,2020-05-29 12:00:00,2020-05-29 13:30:00,3,3,,Weightless Luxury Float,R1A-STDFLOT,normal,,,,,,0,,Xx,-23700.0,0.01,0,2020-05-29 12:25:00,Manager,,,,,,"No, just quiet, please","No, just dark after I get in...",0
40,2556005295012877,2020-05-30 16:30:00,2020-05-30 18:00:00,2,2,,Weightless Luxury Float,R1A-STDFLOT,canceled,,,,,,0,,,,14234.24,0,2020-05-29 12:35:00,CUSTOMER,,,2020-05-30 12:33:00,CUSTOMER,,"No, just quiet, please","No, just dark after I get in...",2399557380519948774
41,2556005291983630,2020-06-04 18:00:00,2020-06-04 19:30:00,1,1,,Weightless Luxury Float,R1A-STDFLOT,normal,,,,,,0,,HFX-4300,-7900.0,0.0,0,2020-05-29 15:13:00,Manager,,,,,,"No, just quiet, please","No, just dark after I get in...",-6638014077773609596
42,2556005295731361,2020-06-04 17:45:00,2020-06-04 18:00:00,1,1,,Therapeutic Massage Chair 15 minutes ,R1A-NUDDSTOLL,normal,,,,,,0,,HFX,-1800.0,0.0,0,2020-05-29 15:15:00,Manager,,,,,,,,-6638014077773609596
43,2556005297041584,2020-06-04 18:15:00,2020-06-04 18:45:00,1,1,,Cryo-Air Full Service Wellness Facial,R1A-CRYOFAC,normal,,,,,,0,,X,-5500.0,0.0,0,2020-05-29 15:15:00,Manager,,,,,,,,-6638014077773609596
44,2556005292646271,2020-05-30 13:30:00,2020-05-30 15:00:00,1,1,,Weightless Luxury Float,R1A-STDFLOT,canceled,,Frida,,,,0,,,,0.0,0,2020-05-29 16:53:00,CUSTOMER,,,2020-05-29 16:58:00,CUSTOMER,,"No, just quiet, please","No, just dark after I get in...",655897383273202897
45,2556005302044297,2020-06-04 16:30:00,2020-06-04 18:00:00,1,1,,Weightless Luxury Float,R1A-STDFLOT,normal,,,,,,0,,,,7117.12,7900,2020-05-30 17:07:00,CUSTOMER,,,,,,"Yes, ambient music for 15m","Yes, low for 15m",-5078201423525808560
46,2556005308458098,2020-05-31 12:00:00,2020-05-31 13:30:00,2,2,,Weightless Luxury Float,R1A-STDFLOT,normal,,,,,,0,,,,14234.24,15800,2020-05-30 17:21:00,CUSTOMER,,,,,,"Yes, ambient music for 30m","Yes, low for 30m",-6374742720266734847
47,2556005303098821,2020-05-31 16:30:00,2020-05-31 18:00:00,1,1,,Weightless Luxury Float,R1A-STDFLOT,normal,,,,,,0,,Zz,-7900.0,0.0,0,2020-05-30 17:47:00,Manager,,,,,,"No, just quiet, please","No, just dark after I get in...",0
48,2556005311818269,2020-05-31 16:30:00,2020-05-31 18:00:00,2,2,,Weightless Luxury Float,R1A-STDFLOT,normal,,GJAFABREF 2018-2019,2.0,"2F-34887PQ,2F-34887PQ",,0,,,,0.0,0,2020-05-31 10:39:00,Manager,2020-05-31 18:06:00,Hydra Spa - Lobby,,,,"No, just quiet, please","No, just dark after I get in...",0
49,2556005315543752,2020-05-31 18:00:00,2020-05-31 19:30:00,3,3,,Weightless Luxury Float,R1A-STDFLOT,normal,,,,,,0,,Afsl,-5700.0,16216.22,18000,2020-05-31 14:34:00,Manager,2020-05-31 17:52:00,Hydra Spa - Lobby,,,,"No, just quiet, please","No, just dark after I get in...",0
50,2556005319321472,2020-06-06 13:30:00,2020-06-06 15:00:00,2,2,,Weightless Luxury Float,R1A-STDFLOT,normal,,GJAFABREF 2018-2019,2.0,"2F-69288FQ,2F-69288FQ",,0,,,,0.0,0,2020-05-31 19:17:00,CUSTOMER,,,,,,"Yes, ambient music for 60m","Yes, low for 60m",-6483213380682764214
51,2556006012955106,2020-06-04 16:30:00,2020-06-04 18:00:00,1,1,,Weightless Luxury Float,R1A-STDFLOT,normal,,,,,,0,,,,7117.12,7900,2020-06-01 12:11:00,CUSTOMER,,,,,,"Yes, ambient music for 15m","Yes, low for 15m",-2502619096793636716
52,2556006013654162,2020-06-05 16:30:00,2020-06-05 18:00:00,1,1,,Weightless Luxury Float,R1A-STDFLOT,normal,,,,,,0,,,,7117.12,7900,2020-06-01 17:19:00,CUSTOMER,2020-06-01 17:59:00,Manager,,,,"No, just quiet, please","No, just dark after I get in...",7955945244376101953
53,2556006025343920,2020-06-07 12:00:00,2020-06-07 13:30:00,1,1,,Weightless Luxury Float,R1A-STDFLOT,normal,,,,,,1,Members Floats - 45 Day Expire,,,0.0,0,2020-06-02 08:51:00,CUSTOMER,,,,,,"No, just quiet, please","No, just dark after I get in...",-4921937457376125369
54,2556006027342845,2020-06-05 15:00:00,2020-06-05 16:30:00,1,1,,Weightless Luxury Float,R1A-STDFLOT,normal,,,,,,0,,,,7117.12,7900,2020-06-02 14:59:00,CUSTOMER,,,,,,"No, just quiet, please","No, just dark after I get in...",3750364667068115586
55,2556006027855014,2020-06-03 18:00:00,2020-06-03 19:30:00,2,2,,Weightless Luxury Float,R1A-STDFLOT,normal,,GJAFABREF 2018-2019,1.0,2F-66421X,,0,,,,7117.12,7900,2020-06-02 16:41:00,CUSTOMER,,,,,,"No, just quiet, please","No, just dark after I get in...",657278774792088421
56,2556006035825833,2020-06-06 12:00:00,2020-06-06 13:30:00,1,1,,Weightless Luxury Float,R1A-STDFLOT,normal,,GJAFABREF 2018-2019,1.0,241-69972V,,0,,,,0.0,0,2020-06-03 13:29:00,CUSTOMER,,,,,,"Yes, ambient music for 60m","No, just dark after I get in...",3653726680116633067
57,2556006033218104,2020-07-01 18:00:00,2020-07-01 19:30:00,1,1,,Weightless Luxury Float,R1A-STDFLOT,normal,,,,,,0,,,,7117.12,7900,2020-06-03 16:03:00,CUSTOMER,2020-06-09 21:32:00,CUSTOMER,,,,"Yes, ambient music for 15m","No, just dark after I get in...",-1242435822252808825
58,2556006039395576,2020-06-13 15:00:00,2020-06-13 16:30:00,2,2,,Weightless Luxury Float,R1A-STDFLOT,normal,,,,,,0,,,,14234.24,15800,2020-06-03 20:38:00,CUSTOMER,,,,,,"No, just quiet, please","Yes, low for 30m",94484229662474087
59,2556006048614170,2020-06-04 16:00:00,2020-06-04 16:15:00,1,1,,Therapeutic Massage Chair 15 minutes ,R1A-NUDDSTOLL,normal,,,,,,0,,,,1621.62,1800,2020-06-04 13:02:00,Manager,2020-06-04 17:18:00,Lobby,,,,,,0
60,2556006045871312,2020-06-04 16:15:00,2020-06-04 16:30:00,1,1,,Therapeutic Massage Chair 15 minutes ,R1A-NUDDSTOLL,normal,,,,,,0,,,,1621.62,1800,2020-06-04 13:02:00,Manager,2020-06-04 17:18:00,Lobby,,,,,,0
61,2556006041624003,2020-06-06 12:00:00,2020-06-06 13:30:00,1,1,,Weightless Luxury Float,R1A-STDFLOT,normal,,GJAFABREF 2018-2019,1.0,3F-87722RT,,0,,,,0.0,0,2020-06-04 16:24:00,Manager,2020-06-05 14:57:00,Manager,,,,"No, just quiet, please","No, just dark after I get in...",7018290344733966631
62,2556006065677240,2020-06-07 11:45:00,2020-06-07 12:00:00,1,1,,Therapeutic Massage Chair 15 minutes ,R1A-NUDDSTOLL,normal,,,,,,1,Member Chair 15m - 45 day,,,0.0,0,2020-06-06 20:16:00,CUSTOMER,,,,,,,,438003447471896629
63,2556006065673007,2020-06-07 12:00:00,2020-06-07 13:30:00,1,1,,Weightless Luxury Float,R1A-STDFLOT,normal,,,,,,1,Members Floats - 45 Day Expire,,,0.0,0,2020-06-06 20:17:00,CUSTOMER,,,,,,"No, just quiet, please","No, just dark after I get in...",438003447471896629
64,2556006077900759,2020-06-07 18:00:00,2020-06-07 19:30:00,2,2,,Weightless Luxury Float,R1A-STDFLOT,normal,,,,,,0,,,,14234.24,15800,2020-06-07 14:01:00,CUSTOMER,,,,,,"Yes, ambient music for 60m","Yes, low for 60m",8599338341976875068
65,2556006076548215,2020-06-10 10:30:00,2020-06-10 12:00:00,2,2,,Weightless Luxury Float,R1A-STDFLOT,normal,,GJAFABREF 2018-2019,2.0,"2F-89298UQ,2F-89298UQ",,0,,,,0.0,0,2020-06-07 23:07:00,CUSTOMER,,,,,,"Yes, ambient music for 30m","Yes, low for 30m",4186166759027504208
66,2556006085162201,2020-06-10 13:15:00,2020-06-10 13:30:00,1,1,,Therapeutic Massage Chair 15 minutes ,R1A-NUDDSTOLL,normal,,,,,,0,,,,1621.62,1800,2020-06-08 00:46:00,CUSTOMER,,,,,,,,1562096553313461468
67,2556006082458523,2020-06-10 13:30:00,2020-06-10 15:00:00,1,1,,Weightless Luxury Float,R1A-STDFLOT,normal,,,,,,0,,,,7117.12,7900,2020-06-08 00:47:00,CUSTOMER,,,,,,"No, just quiet, please","No, just dark after I get in...",1562096553313461468
68,2556006087766102,2020-06-12 19:30:00,2020-06-12 21:00:00,2,2,,Weightless Luxury Float,R1A-STDFLOT,normal,,GJAFABREF 2018-2019,2.0,"2F-77884RZ,2F-77884RZ",,0,,,,0.0,0,2020-06-08 16:02:00,CUSTOMER,,,,,,"No, just quiet, please","No, just dark after I get in...",5274882423919427744
69,2556006091250343,2020-06-18 11:45:00,2020-06-18 12:00:00,1,1,,Therapeutic Massage Chair 15 minutes ,R1A-NUDDSTOLL,normal,,,,,,0,,,,1621.62,1800,2020-06-09 12:03:00,CUSTOMER,,,,,,,,-1153423149668616733
70,2556006096781338,2020-06-18 13:45:00,2020-06-18 14:15:00,1,1,,Cryo-Air Full Service Wellness Facial,R1A-CRYOFAC,normal,,,,,,0,,,,4954.95,5500,2020-06-09 12:14:00,CUSTOMER,,,,,,,,-1153423149668616733
71,2556006098535308,2020-06-18 12:00:00,2020-06-18 13:30:00,1,1,,Weightless Luxury Float,R1A-STDFLOT,normal,,,,,,0,,,,7117.12,7900,2020-06-09 12:15:00,CUSTOMER,,,,,,"Yes, ambient music for 60m","Yes, low for 60m",-1153423149668616733
72,2556006099016457,2020-06-10 12:00:00,2020-06-10 13:30:00,2,2,,Weightless Luxury Float,R1A-STDFLOT,normal,,,,,,0,,,,14234.24,15800,2020-06-09 18:51:00,CUSTOMER,,,,,,"No, just quiet, please","No, just dark after I get in...",-2073482712557261803
73,2556006094146950,2020-06-10 13:30:00,2020-06-10 15:00:00,2,2,,Weightless Luxury Float,R1A-STDFLOT,normal,,,,,,0,,Dadi,-15800.0,0.01,0,2020-06-09 19:34:00,Manager,,,,,,"No, just quiet, please","No, just dark after I get in...",0
74,2556006097034790,2020-06-10 18:00:00,2020-06-10 19:30:00,1,1,,Weightless Luxury Float,R1A-STDFLOT,normal,,,,,,0,,,,7117.12,7900,2020-06-09 22:03:00,CUSTOMER,,,,,,"No, just quiet, please","Yes, low for 15m",-3123185718243753402
75,2556006091775461,2020-06-10 18:00:00,2020-06-10 19:30:00,1,1,,Weightless Luxury Float,R1A-STDFLOT,normal,,,,,,0,,,,7117.12,7900,2020-06-09 22:20:00,CUSTOMER,,,,,,"Yes, ambient music for 60m","Yes, low for 60m",9083019965112518141
76,2556006109348802,2020-06-18 18:00:00,2020-06-18 19:30:00,2,2,,Weightless Luxury Float,R1A-STDFLOT,normal,,,,,,0,,,,14234.24,0,2020-06-10 11:20:00,Manager,2020-06-12 14:05:00,Manager,,,,"No, just quiet, please","No, just dark after I get in...",6541029479858859983
77,2556006101419601,2020-06-10 19:30:00,2020-06-10 21:00:00,1,1,,Weightless Luxury Float,R1A-STDFLOT,normal,,,,,,1,Members Floats - 45 Day Expire,,,0.0,0,2020-06-10 16:53:00,CUSTOMER,,,,,,"No, just quiet, please","No, just dark after I get in...",8245758938531900982
78,2556006118024565,2020-06-12 10:30:00,2020-06-12 12:00:00,1,1,,Weightless Luxury Float,R1A-STDFLOT,normal,,GJAFABREF 2018-2019,1.0,241-45268M,,0,,,,0.0,0,2020-06-11 09:45:00,CUSTOMER,,,,,,"Yes, ambient music for 45m","Yes, low for 60m",-4917872138441906129
79,2556006115440703,2020-06-12 19:30:00,2020-06-12 21:00:00,1,1,,Weightless Luxury Float,R1A-STDFLOT,normal,,,,,,0,,,,7117.12,7900,2020-06-11 12:32:00,CUSTOMER,,,,,,"Yes, ambient music for 15m","No, just dark after I get in...",-4436632810720161105
80,2556006118194367,2020-06-12 16:30:00,2020-06-12 18:00:00,3,3,,Weightless Luxury Float,R1A-STDFLOT,normal,,,,,,0,,,,21351.36,23700,2020-06-11 12:58:00,CUSTOMER,,,,,,"Yes, ambient music for 45m","Yes, low for 30m",8363758342369273672
81,2556006119247579,2020-06-13 16:30:00,2020-06-13 18:00:00,1,1,,Weightless Luxury Float,R1A-STDFLOT,normal,,,,,,0,,,,7117.12,7900,2020-06-11 17:21:00,CUSTOMER,,,,,,"Yes, ambient music for 60m","No, just dark after I get in...",7748067911022982186
82,2556006117497141,2020-06-12 18:00:00,2020-06-12 19:30:00,1,1,,Weightless Luxury Float,R1A-STDFLOT,normal,,,,,,0,,friend free float,-7900.0,0.0,0,2020-06-11 20:58:00,Lobby,,,,,,"No, just quiet, please","No, just dark after I get in...",0
83,2556006113731855,2020-06-13 18:00:00,2020-06-13 19:30:00,2,2,,Weightless Luxury Float,R1A-STDFLOT,normal,,GJAFABREF 2018-2019,2.0,"241-28832G,241-28832G",,0,,,,0.0,0,2020-06-11 21:04:00,CUSTOMER,,,,,,"Yes, ambient music for 60m","No, just dark after I get in...",898572829354896802
84,2556006127253859,2020-06-13 13:30:00,2020-06-13 15:00:00,2,2,,Weightless Luxury Float,R1A-STDFLOT,normal,,,,,,0,,,,14234.24,15800,2020-06-12 08:25:00,CUSTOMER,,,,,,"No, just quiet, please","No, just dark after I get in...",6269617676477392449
85,2556006125208675,2020-06-12 10:30:00,2020-06-12 12:00:00,2,2,,Weightless Luxury Float,R1A-STDFLOT,normal,,GJAFABREF 2018-2019,2.0,"2F-48899VH,2F-48899VH",,0,,,,0.0,0,2020-06-12 10:34:00,Lobby,,,,,,"No, just quiet, please","No, just dark after I get in...",8836379248035526856
86,2556006121680462,2020-06-26 10:30:00,2020-06-26 12:00:00,1,1,,Weightless Luxury Float,R1A-STDFLOT,normal,,GJAFABREF 2018-2019,1.0,241-45268M2,,0,,,,0.0,0,2020-06-12 12:18:00,CUSTOMER,2020-06-25 20:54:00,CUSTOMER,,,,"No, just quiet, please","No, just dark after I get in...",-4917872138441906129
87,2556006126183091,2020-06-14 18:00:00,2020-06-14 19:30:00,2,2,,Weightless Luxury Float,R1A-STDFLOT,normal,,,,,,0,,,,14234.24,0,2020-06-12 18:40:00,Manager,,,,,,"No, just quiet, please","No, just dark after I get in...",-1448935319407741340
88,2556006133999701,2020-06-14 13:30:00,2020-06-14 15:00:00,1,1,,Weightless Luxury Float,R1A-STDFLOT,normal,,,,,,1,Members Floats - 45 Day Expire,,,0.0,0,2020-06-13 16:09:00,CUSTOMER,,,,,,"No, just quiet, please","No, just dark after I get in...",-4921937457376125369
89,2556006136616866,2020-06-13 16:30:00,2020-06-13 18:00:00,1,1,,Weightless Luxury Float,R1A-STDFLOT,normal,,,,,,0,,Rp,-1000.0,6216.22,6900,2020-06-13 17:57:00,Lobby,,,,,,"No, just quiet, please","No, just dark after I get in...",-2116016614157863231
90,2556006147153202,2020-06-14 18:00:00,2020-06-14 19:30:00,1,1,,Weightless Luxury Float,R1A-STDFLOT,normal,,GJAFABREF 2018-2019,1.0,1F-79623FH,,0,,,,0.0,0,2020-06-14 13:42:00,CUSTOMER,,,,,,"No, just quiet, please","No, just dark after I get in...",-3189311991954641526
91,2556006142812102,2020-06-14 18:00:00,2020-06-14 18:15:00,1,1,,Therapeutic Massage Chair 15 minutes ,R1A-NUDDSTOLL,normal,,,,,,1,Member Chair 15m - 45 day,,,0.0,0,2020-06-14 14:53:00,CUSTOMER,,,,,,,,-2371667822652658021
92,2556006145024392,2020-06-21 13:30:00,2020-06-21 15:00:00,3,3,,Weightless Luxury Float,R1A-STDFLOT,normal,,GJAFABREF 2018-2019,2.0,"2HF-554532GN,2HF-554532GN",,0,,,,7117.12,7900,2020-06-14 17:49:00,CUSTOMER,2020-06-15 23:40:00,CUSTOMER,,,,"No, just quiet, please","No, just dark after I get in...",2399557380519948774
93,2556006148898251,2020-06-18 15:00:00,2020-06-18 16:30:00,1,1,,Weightless Luxury Float,R1A-STDFLOT,normal,,GJAFABREF 2018-2019,1.0,2F-76233WU,,0,,,,0.0,0,2020-06-14 21:24:00,CUSTOMER,,,,,,"No, just quiet, please","No, just dark after I get in...",-8764390881149957959
94,2556006147014400,2020-06-20 13:30:00,2020-06-20 15:00:00,2,2,,Weightless Luxury Float,R1A-STDFLOT,normal,,GJAFABREF 2018-2019,2.0,"2F-93437YW,2F-93437YW",,0,,,,0.0,0,2020-06-14 21:51:00,CUSTOMER,,,,,,"Yes, ambient music for 60m","No, just dark after I get in...",-2324183918235368187
95,2556006156126810,2020-06-19 10:30:00,2020-06-19 12:00:00,1,1,,Weightless Luxury Float,R1A-STDFLOT,normal,,,,,,1,Members Floats - 45 Day Expire,,,0.0,0,2020-06-15 20:16:00,CUSTOMER,2020-06-15 21:37:00,CUSTOMER,,,,"No, just quiet, please","No, just dark after I get in...",2089075459032160758
96,2556006157128363,2020-06-18 10:30:00,2020-06-18 12:00:00,1,1,,Weightless Luxury Float,R1A-STDFLOT,normal,,GJAFABREF 2018-2019,1.0,1HF-777435KS,,0,,,,0.0,0,2020-06-15 20:32:00,CUSTOMER,,,,,,"No, just quiet, please","No, just dark after I get in...",327753399633958752
97,2556006161253340,2020-06-19 10:30:00,2020-06-19 12:00:00,1,1,,Weightless Luxury Float,R1A-STDFLOT,normal,,,,,,0,,,,7117.12,7900,2020-06-16 09:52:00,CUSTOMER,,,,,,"Yes, ambient music for 30m","Yes, low for 15m",9061116228622183149
98,2556006166511407,2020-06-19 15:00:00,2020-06-19 16:30:00,2,2,,Weightless Luxury Float,R1A-STDFLOT,normal,,,,,,0,,,,14234.24,15800,2020-06-16 11:34:00,CUSTOMER,,,,,,"Yes, ambient music for 30m","Yes, low for 15m",7193058092416444127
99,2556006162874829,2020-06-26 13:30:00,2020-06-26 15:00:00,1,1,,Weightless Luxury Float,R1A-STDFLOT,normal,,,,,,0,,,,7117.12,7900,2020-06-16 13:30:00,CUSTOMER,,,,,,"Yes, ambient music for 15m","Yes, low for 15m",4504410901349767460
100,2556006165008092,2020-06-26 13:30:00,2020-06-26 15:00:00,1,1,,Weightless Luxury Float,R1A-STDFLOT,normal,,,,,,0,,,,7117.12,7900,2020-06-16 13:43:00,CUSTOMER,,,,,,"Yes, ambient music for 15m","Yes, low for 60m",4504410901349767460
101,2556006181245671,2020-06-19 13:00:00,2020-06-19 13:15:00,1,1,,Therapeutic Massage Chair 15 minutes ,R1A-NUDDSTOLL,normal,,,,,,1,MASSAGE 15m - 12 Month Expire,,,0.0,0,2020-06-18 11:22:00,CUSTOMER,,,,,,,,-2860841016722513247
102,2556006189793991,2020-06-19 13:15:00,2020-06-19 13:30:00,1,1,,Therapeutic Massage Chair 15 minutes ,R1A-NUDDSTOLL,normal,,,,,,1,MASSAGE 15m - 12 Month Expire,,,0.0,0,2020-06-18 11:23:00,CUSTOMER,,,,,,,,-2860841016722513247
103,2556006189333687,2020-06-19 15:15:00,2020-06-19 15:45:00,1,1,,Cryo-Air Full Service Wellness Facial,R1A-CRYOFAC,normal,,,,,,1,CRYOAIR - 12month expire,,,0.0,0,2020-06-18 11:24:00,CUSTOMER,,,,,,,,-2860841016722513247
104,2556006182912718,2020-06-19 13:30:00,2020-06-19 15:00:00,1,1,,Weightless Luxury Float,R1A-STDFLOT,normal,,,,,,1,FLOATS - 12 month expire,,,0.0,0,2020-06-18 11:25:00,CUSTOMER,,,,,,"Yes, ambient music for 15m","Yes, low for 15m",-2860841016722513247
105,2556006189877089,2020-06-19 13:30:00,2020-06-19 15:00:00,1,1,,Weightless Luxury Float,R1A-STDFLOT,normal,,,,,,1,FLOATS - 12 month expire,,,0.0,0,2020-06-18 11:26:00,CUSTOMER,,,,,,"Yes, ambient music for 15m","Yes, low for 15m",-2860841016722513247
106,2556006188927657,2020-06-19 15:45:00,2020-06-19 16:15:00,1,1,,Cryo-Air Full Service Wellness Facial,R1A-CRYOFAC,normal,,,,,,1,CRYOAIR - 12month expire,,,0.0,0,2020-06-18 11:27:00,CUSTOMER,,,,,,,,-2860841016722513247
107,2556006199494582,2020-06-20 10:30:00,2020-06-20 12:00:00,2,2,,Weightless Luxury Float,R1A-STDFLOT,normal,,,,,,0,,,,10630.64,11800,2020-06-19 15:40:00,CUSTOMER,,,,,,"No, just quiet, please","No, just dark after I get in...",-5200821895641030278
108,2556006215295034,2020-06-21 15:00:00,2020-06-21 16:30:00,1,1,,Weightless Luxury Float,R1A-STDFLOT,normal,,,,,,1,Members Floats - 45 Day Expire,,,0.0,0,2020-06-21 11:47:00,CUSTOMER,,,,,,"Yes, ambient music for 15m","No, just dark after I get in...",5221222756686440814
109,2556006216369962,2020-06-21 14:45:00,2020-06-21 15:00:00,1,1,,Therapeutic Massage Chair 15 minutes ,R1A-NUDDSTOLL,normal,,,,,,1,Member Chair 15m - 45 day,,,0.0,0,2020-06-21 11:50:00,CUSTOMER,,,,,,,,5221222756686440814
110,2556006211683188,2020-06-21 16:30:00,2020-06-21 18:00:00,1,1,,Weightless Luxury Float,R1A-STDFLOT,canceled,,,,,,0,,,,7117.12,0,2020-06-21 13:28:00,Lobby,,,2020-06-21 18:11:00,Hydra Spa - Lobby,,"No, just quiet, please","No, just dark after I get in...",0
111,2556006215398798,2020-06-21 15:00:00,2020-06-21 16:30:00,2,2,,Weightless Luxury Float,R1A-STDFLOT,normal,,,,,,0,,,,14234.24,15800,2020-06-21 14:02:00,Manager,2020-06-21 16:18:00,Hydra Spa - Lobby,,,,"No, just quiet, please","No, just dark after I get in...",0
112,2556006211991890,2020-07-10 16:30:00,2020-07-10 18:00:00,1,1,,Weightless Luxury Float,R1A-STDFLOT,normal,,GJAFABREF 2018-2019,1.0,1F-67738QH,,0,,,,0.0,0,2020-06-21 16:18:00,CUSTOMER,2020-07-07 13:01:00,CUSTOMER,,,,"Yes, ambient music for 30m","Yes, low for 60m",9066215099819420708
113,2556006213282339,2020-06-21 16:30:00,2020-06-21 18:00:00,1,1,,Weightless Luxury Float,R1A-STDFLOT,normal,,,,,,1,Members Floats - 45 Day Expire,,,0.0,0,2020-06-21 18:11:00,Lobby,,,,,,"No, just quiet, please","No, just dark after I get in...",-2116016614157863231
114,2556006212051073,2020-06-21 18:00:00,2020-06-21 19:30:00,1,1,,Weightless Luxury Float,R1A-STDFLOT,normal,,,,,,1,Members Floats - 45 Day Expire,,,0.0,0,2020-06-21 23:48:00,Manager,,,,,,"No, just quiet, please","No, just dark after I get in...",2089075459032160758
115,2556006227410450,2020-06-24 18:00:00,2020-06-24 19:30:00,2,2,,Weightless Luxury Float,R1A-STDFLOT,normal,,,,,,0,,peruat,-7900.0,7117.12,7900,2020-06-22 18:42:00,Manager,,,,,,"No, just quiet, please","No, just dark after I get in...",6258618455485580092
116,2556006226698951,2020-06-21 18:00:00,2020-06-21 19:30:00,1,1,,Weightless Luxury Float,R1A-STDFLOT,normal,,,,,,0,,,,7117.12,7900,2020-06-22 18:42:00,Manager,,,,,,"No, just quiet, please","No, just dark after I get in...",0
117,2556006224535378,2020-07-01 18:00:00,2020-07-01 19:30:00,2,2,,Weightless Luxury Float,R1A-STDFLOT,normal,,BLACKFRIDAY VOUCHER,,,,0,,,,0.0,0,2020-06-22 19:46:00,Manager,2020-07-01 17:52:00,Hydra Spa - Lobby,,,,"No, just quiet, please","No, just dark after I get in...",0
118,2556006226343628,2020-06-25 10:30:00,2020-06-25 12:00:00,1,1,,Weightless Luxury Float,R1A-STDFLOT,normal,,GJAFABREF 2018-2019,1.0,1F-84726GW,,0,,,,0.0,0,2020-06-22 21:14:00,CUSTOMER,,,,,,"Yes, ambient music for 60m","No, just dark after I get in...",-4241770323180428782
119,2556006221066279,2020-06-26 10:30:00,2020-06-26 12:00:00,2,2,,Weightless Luxury Float,R1A-STDFLOT,normal,,GJAFABREF 2018-2019,2.0,"241-77484A,241-77484A",,0,,,,0.0,0,2020-06-22 21:39:00,CUSTOMER,,,,,,"Yes, ambient music for 15m","Yes, low for 30m",8794099040442456826
120,2556006223114915,2020-06-26 19:30:00,2020-06-26 21:00:00,2,2,,Weightless Luxury Float,R1A-STDFLOT,normal,,GJAFABREF 2018-2019,2.0,"2F-92499TK,2F-92499TK",,0,,,,0.0,0,2020-06-22 22:08:00,CUSTOMER,2020-06-26 17:35:00,Manager,,,,"Yes, ambient music for 60m","Yes, low for 60m",490246581814959993
121,2556006237367608,2020-06-27 13:30:00,2020-06-27 15:00:00,1,1,,Weightless Luxury Float,R1A-STDFLOT,normal,,,,,,0,,,,7117.12,7900,2020-06-23 10:39:00,CUSTOMER,,,,,,"No, just quiet, please","No, just dark after I get in...",-5035824244678648225
122,2556006236998500,2020-06-24 12:00:00,2020-06-24 13:30:00,2,2,,Weightless Luxury Float,R1A-STDFLOT,canceled,,,,,,0,,,,14234.24,0,2020-06-23 12:12:00,CUSTOMER,,,2020-06-24 10:04:00,Ryan Kevinsson,,"No, just quiet, please","No, just dark after I get in...",8043276101120372458
123,2556006238106262,2020-10-25 18:00:00,2020-10-25 19:30:00,2,2,,Weightless Luxury Float,R1A-STDFLOT,normal,,,,,,0,,,,14234.24,15800,2020-06-23 13:23:00,CUSTOMER,2020-07-28 23:59:00,CUSTOMER,,,,"No, just quiet, please","No, just dark after I get in...",5896165901788216961
124,2556006238370647,2020-08-27 10:45:00,2020-08-27 11:00:00,1,1,,Therapeutic Massage Chair 15 minutes ,R1A-NUDDSTOLL,normal,,,,,,0,,,,1621.62,1800,2020-06-23 13:26:00,CUSTOMER,2020-07-29 00:03:00,CUSTOMER,,,,,,5896165901788216961
125,2556006235733545,2020-08-27 10:30:00,2020-08-27 10:45:00,1,1,,Therapeutic Massage Chair 15 minutes ,R1A-NUDDSTOLL,normal,,,,,,0,,,,1621.62,1800,2020-06-23 13:26:00,CUSTOMER,2020-07-29 00:01:00,CUSTOMER,,,,,,5896165901788216961
126,2556006232795170,2020-06-27 15:00:00,2020-06-27 16:30:00,2,2,,Weightless Luxury Float,R1A-STDFLOT,normal,,,,,,0,,1096-1313,-15800.0,0.01,0,2020-06-23 19:45:00,Manager,2020-06-27 15:19:00,Manager,,,,"No, just quiet, please","No, just dark after I get in...",4263300448291398014
127,2556006231933251,2020-06-25 10:30:00,2020-06-25 12:00:00,1,1,,Weightless Luxury Float,R1A-STDFLOT,normal,,,,,,0,,,,7117.12,7900,2020-06-23 21:24:00,CUSTOMER,,,,,,"Yes, ambient music for 30m","Yes, low for 30m",5431737073490508512
128,2556006247506491,2020-06-27 12:00:00,2020-06-27 13:30:00,2,2,,Weightless Luxury Float,R1A-STDFLOT,normal,,GJAFABREF 2018-2019,1.0,3F-89694PL,,0,,,,7117.12,7900,2020-06-24 10:10:00,CUSTOMER,,,,,,"Yes, ambient music for 30m","Yes, low for 60m",-869594506352173835
129,2556006247888729,2020-06-24 13:30:00,2020-06-24 15:00:00,1,1,,Weightless Luxury Float,R1A-STDFLOT,normal,,BLACKFRIDAY VOUCHER,,,,0,,,,0.0,0,2020-06-24 11:39:00,Manager,2020-06-24 13:30:00,Manager,,,,"No, just quiet, please","No, just dark after I get in...",-8766267679332374601
130,2556006249661930,2020-06-24 18:00:00,2020-06-24 19:30:00,1,1,,Weightless Luxury Float,R1A-STDFLOT,normal,,,,,,0,,,,7117.12,7900,2020-06-24 11:56:00,CUSTOMER,,,,,,"Yes, ambient music for 45m","Yes, low for 60m",9195656262542758098
131,2556006246391666,2020-06-26 12:00:00,2020-06-26 13:30:00,2,2,,Weightless Luxury Float,R1A-STDFLOT,normal,,,,,,0,,,,14234.24,15800,2020-06-24 15:01:00,CUSTOMER,,,,,,"No, just quiet, please","No, just dark after I get in...",-760960171915296852
132,2556006249096413,2020-06-26 18:00:00,2020-06-26 19:30:00,2,2,,Weightless Luxury Float,R1A-STDFLOT,canceled,,,,,,0,,,,14234.24,0,2020-06-24 15:34:00,CUSTOMER,,,2020-06-25 22:14:00,Ryan Kevinsson,,"Yes, ambient music for 45m","Yes, low for 45m",-902151637609380602
133,2556006247409589,2020-07-16 18:00:00,2020-07-16 19:30:00,2,2,,Weightless Luxury Float,R1A-STDFLOT,normal,,BLACKFRIDAY VOUCHER,,,,0,,,,0.0,0,2020-06-24 16:43:00,Manager,2020-07-13 18:48:00,Manager,,,,"No, just quiet, please","No, just dark after I get in...",8004238398238079821
134,2556006248032793,2020-07-01 16:30:00,2020-07-01 18:00:00,2,2,,Weightless Luxury Float,R1A-STDFLOT,normal,,BLACKFRIDAY VOUCHER,,,,0,,,,0.0,0,2020-06-24 17:53:00,Lobby,2020-06-24 18:21:00,Manager,,,,"No, just quiet, please","No, just dark after I get in...",3149667446499532011
135,2556006256099522,2020-07-01 10:30:00,2020-07-01 12:00:00,2,2,,Weightless Luxury Float,R1A-STDFLOT,normal,,GJAFABREF 2018-2019,2.0,"2F-44686LL,2F-44686LL",,0,,,,0.0,0,2020-06-25 14:59:00,CUSTOMER,,,,,,"No, just quiet, please","No, just dark after I get in...",5891884886290169489
136,2556006266780005,2020-07-01 16:30:00,2020-07-01 18:00:00,1,1,,Weightless Luxury Float,R1A-STDFLOT,normal,,,,,,0,,Hfx 4317 22,-7900.0,0.0,0,2020-06-26 11:30:00,Lobby,2020-07-01 17:00:00,Hydra Spa - Lobby,,,,"No, just quiet, please","No, just dark after I get in...",1472530593920077026
137,2556006266990917,2020-06-26 15:00:00,2020-06-26 16:30:00,1,1,,Weightless Luxury Float,R1A-STDFLOT,normal,,,,,,0,,,,7117.12,7900,2020-06-26 15:03:00,Lobby,,,,,,"No, just quiet, please","No, just dark after I get in...",0
138,2556006265009446,2020-07-01 10:30:00,2020-07-01 12:00:00,1,1,,Weightless Luxury Float,R1A-STDFLOT,canceled,,,,,,0,,,,7117.12,0,2020-06-26 15:31:00,CUSTOMER,,,2020-06-26 15:33:00,Ryan Kevinsson,,"No, just quiet, please","No, just dark after I get in...",-4359641873816136032
139,2556006276147974,2020-06-27 15:00:00,2020-06-27 16:30:00,1,1,,Weightless Luxury Float,R1A-STDFLOT,normal,,,,,,1,Members Floats - 45 Day Expire,,,0.0,0,2020-06-27 11:05:00,CUSTOMER,,,,,,"No, just quiet, please","No, just dark after I get in...",-4921937457376125369
140,2556006276030295,2020-06-27 19:30:00,2020-06-27 21:00:00,1,1,,Weightless Luxury Float,R1A-STDFLOT,normal,,,,,,1,Members Floats - 45 Day Expire,,,0.0,0,2020-06-27 14:04:00,CUSTOMER,,,,,,"No, just quiet, please","Yes, low for 15m",-2947883332802664780
141,2556006279169313,2020-06-27 19:30:00,2020-06-27 21:00:00,1,1,,Weightless Luxury Float,R1A-STDFLOT,normal,,,,,,0,,Rp,-5900.0,0.0,0,2020-06-27 15:32:00,Lobby,2020-06-27 19:40:00,Hydra Spa - Lobby,,,,"No, just quiet, please","No, just dark after I get in...",-2947883332802664780
142,2556006274734305,2020-07-03 16:30:00,2020-07-03 18:00:00,2,2,,Weightless Luxury Float,R1A-STDFLOT,normal,,,,,,0,,,,14234.24,15800,2020-06-27 22:16:00,CUSTOMER,,,,,,"Yes, ambient music for 60m","Yes, low for 60m",-1697966937178101996
143,2556006278222212,2020-07-01 19:30:00,2020-07-01 21:00:00,1,1,,Weightless Luxury Float,R1A-STDFLOT,normal,,GJAFABREF 2018-2019,1.0,FX8989103,,0,,,,0.0,0,2020-06-27 23:53:00,CUSTOMER,,,,,,"Yes, ambient music for 45m","Yes, low for 30m",8794157575016794539
144,2556006276038078,2020-07-01 19:30:00,2020-07-01 21:00:00,1,1,,Weightless Luxury Float,R1A-STDFLOT,normal,,GJAFABREF 2018-2019,1.0,FX8989103,,0,,,,0.0,0,2020-06-27 23:55:00,CUSTOMER,,,,,,"Yes, ambient music for 45m","Yes, low for 30m",8794157575016794539
145,2556006282749450,2020-07-03 12:00:00,2020-07-03 13:30:00,1,1,,Weightless Luxury Float,R1A-STDFLOT,normal,,,,,,0,,,,7117.12,7900,2020-06-28 11:21:00,CUSTOMER,,,,,,"No, just quiet, please","No, just dark after I get in...",-3456012392201016582
146,2556006288605326,2020-07-01 13:30:00,2020-07-01 15:00:00,2,2,,Weightless Luxury Float,R1A-STDFLOT,normal,,GJAFABREF 2018-2019,2.0,"241-55476A,241-55476A",,0,,,,0.0,0,2020-06-28 18:27:00,CUSTOMER,,,,,,"Yes, ambient music for 15m","Yes, low for 15m",-4598464725805319531
147,2556006309917050,2020-08-02 12:00:00,2020-08-02 13:30:00,2,2,,Weightless Luxury Float,R1A-STDFLOT,normal,,,,,,0,,,,14234.24,15800,2020-06-30 11:07:00,CUSTOMER,,,,,,"Yes, ambient music for 60m","Yes, low for 15m",3653726680116633067
148,2556006305390702,2020-07-02 19:30:00,2020-07-02 21:00:00,1,1,,Weightless Luxury Float,R1A-STDFLOT,normal,,,,,,0,,,,5315.32,0,2020-06-30 12:02:00,CUSTOMER,2020-06-30 13:53:00,Manager,,,,"Yes, ambient music for 60m","Yes, low for 60m",-7613022414153541209
149,2556006309705310,2020-07-01 19:30:00,2020-07-01 21:00:00,1,1,,Weightless Luxury Float,R1A-STDFLOT,normal,,ONE TIME 15%,,,,0,,,,6049.55,6715,2020-06-30 12:39:00,CUSTOMER,,,,,,"Yes, ambient music for 30m","Yes, low for 45m",-7148417156662417595
150,2556006303085308,2020-07-01 12:00:00,2020-07-01 13:30:00,2,2,,Weightless Luxury Float,R1A-STDFLOT,normal,,,,,,0,,,,14234.24,15800,2020-06-30 12:52:00,CUSTOMER,,,,,,"Yes, ambient music for 15m","Yes, low for 45m",-3332146406000196117
151,2556006301273412,2020-07-03 10:30:00,2020-07-03 12:00:00,1,1,,Weightless Luxury Float,R1A-STDFLOT,normal,,GJAFABREF 2018-2019,1.0,1F-99726ZR,,0,,,,0.0,0,2020-06-30 13:15:00,CUSTOMER,,,,,,"No, just quiet, please","No, just dark after I get in...",5467006717485356685
152,2556006302426693,2020-07-02 19:30:00,2020-07-02 21:00:00,1,1,,Weightless Luxury Float,R1A-STDFLOT,normal,,,,,,1,Members Floats - 45 Day Expire,,,0.0,0,2020-06-30 13:54:00,Manager,,,,,,"No, just quiet, please","No, just dark after I get in...",-7613022414153541209
153,2556006303184682,2020-07-03 10:30:00,2020-07-03 12:00:00,1,1,,Weightless Luxury Float,R1A-STDFLOT,normal,,GJAFABREF 2018-2019,1.0,1F-26328TZ,,0,,,,0.0,0,2020-06-30 15:08:00,CUSTOMER,,,,,,"Yes, ambient music for 60m","Yes, low for 60m",-1122985381321599486
154,2556007012260833,2020-07-02 18:00:00,2020-07-02 19:30:00,2,2,,Weightless Luxury Float,R1A-STDFLOT,normal,,BLACKFRIDAY VOUCHER,,,,0,,,,0.0,0,2020-07-01 00:54:00,Manager,2020-07-02 17:33:00,Manager,,,,"No, just quiet, please","No, just dark after I get in...",0
155,2556007018950204,2020-07-03 12:00:00,2020-07-03 13:30:00,1,1,,Weightless Luxury Float,R1A-STDFLOT,normal,,,,,,0,,Rpk,-3950.0,3558.56,3950,2020-07-01 14:45:00,Lobby,,,,,,"No, just quiet, please","No, just dark after I get in...",-760960171915296852
156,2556007018165330,2020-07-01 15:00:00,2020-07-01 16:30:00,1,1,,Weightless Luxury Float,R1A-STDFLOT,normal,,25% on bookings by staff,,,,0,,,,5337.84,5925,2020-07-01 15:09:00,Lobby,,,,,,"No, just quiet, please","No, just dark after I get in...",0
157,2556007011361344,2020-07-04 18:00:00,2020-07-04 19:30:00,2,2,,Weightless Luxury Float,R1A-STDFLOT,normal,,,,,,0,,,,14234.24,15800,2020-07-01 16:50:00,CUSTOMER,,,,,,"Yes, ambient music for 30m","Yes, low for 15m",-681835874199037761
158,2556007012259752,2020-07-09 15:00:00,2020-07-09 16:30:00,1,1,,Weightless Luxury Float,R1A-STDFLOT,normal,,25% on bookings by staff,,,,0,,,,5337.84,5925,2020-07-01 20:17:00,Lobby,2020-07-01 20:17:00,Hydra Spa - Lobby,,,,"No, just quiet, please","No, just dark after I get in...",3037284255989427589
159,2556007029336676,2020-07-03 18:00:00,2020-07-03 19:30:00,1,1,,Weightless Luxury Float,R1A-STDFLOT,normal,,,,,,1,Members Floats - 45 Day Expire,,,0.0,0,2020-07-02 12:58:00,CUSTOMER,,,,,,"No, just quiet, please","No, just dark after I get in...",2685251307153901253
160,2556007029298261,2020-07-04 12:00:00,2020-07-04 13:30:00,2,2,,Weightless Luxury Float,R1A-STDFLOT,normal,,EMIL25,,,,0,,,,10675.68,11850,2020-07-02 16:17:00,CUSTOMER,,,,,,"No, just quiet, please","No, just dark after I get in...",-6350250127168121778
161,2556007028857028,2020-07-08 16:30:00,2020-07-08 18:00:00,1,1,,Weightless Luxury Float,R1A-STDFLOT,normal,,,,,,0,,,,7117.12,7900,2020-07-02 17:40:00,CUSTOMER,,,,,,"Yes, ambient music for 30m","Yes, low for 15m",7223137360872401374
162,2556007028890964,2020-07-03 18:00:00,2020-07-03 19:30:00,2,2,,Weightless Luxury Float,R1A-STDFLOT,normal,,,,,,0,,,,14234.24,0,2020-07-02 17:43:00,Manager,2020-07-02 17:44:00,Manager,,,,"No, just quiet, please","No, just dark after I get in...",0
163,2556007027839535,2020-07-03 13:30:00,2020-07-03 15:00:00,2,2,,Weightless Luxury Float,R1A-STDFLOT,normal,,,,,,0,,,,14234.24,0,2020-07-02 23:05:00,Manager,,,,,,"No, just quiet, please","No, just dark after I get in...",0
164,2556007033544204,2020-10-24 13:30:00,2020-10-24 15:00:00,1,1,,Weightless Luxury Float,R1A-STDFLOT,normal,,,,,,0,,,,3558.56,3950,2020-07-03 08:57:00,CUSTOMER,2020-07-28 23:53:00,CUSTOMER,,,,"Yes, ambient music for 45m","Yes, low for 30m",5896165901788216961
165,2556007036328689,2020-08-27 10:15:00,2020-08-27 10:30:00,1,1,,Therapeutic Massage Chair 15 minutes ,R1A-NUDDSTOLL,normal,,,,,,0,,,,810.81,900,2020-07-03 08:59:00,CUSTOMER,2020-07-28 23:55:00,CUSTOMER,,,,,,5896165901788216961
166,2556007034464552,2020-07-04 16:30:00,2020-07-04 18:00:00,2,2,,Weightless Luxury Float,R1A-STDFLOT,canceled,,,,,,0,,,,14234.24,0,2020-07-03 12:42:00,Manager,,,2020-07-03 13:46:00,Ryan Kevinsson,,"No, just quiet, please","No, just dark after I get in...",0
167,2556007035356836,2020-07-04 13:30:00,2020-07-04 15:00:00,2,2,,Weightless Luxury Float,R1A-STDFLOT,normal,,,,,,0,,,,14234.24,15800,2020-07-03 12:51:00,Manager,2020-07-04 12:22:00,Hydra Spa - Lobby,,,,"No, just quiet, please","No, just dark after I get in...",0
168,2556007034008206,2020-07-04 15:00:00,2020-07-04 16:30:00,2,2,,Weightless Luxury Float,R1A-STDFLOT,normal,,,,,,0,,,,14234.24,15800,2020-07-03 19:31:00,CUSTOMER,,,,,,"Yes, ambient music for 15m","No, just dark after I get in...",3088434676347927998
169,2556007044987914,2020-07-04 16:30:00,2020-07-04 18:00:00,2,2,,Weightless Luxury Float,R1A-STDFLOT,normal,,,,,,0,,,,14234.24,15800,2020-07-04 13:02:00,Lobby,2020-07-04 16:41:00,Hydra Spa - Lobby,,,,"No, just quiet, please","No, just dark after I get in...",0
170,2556007047283483,2020-07-04 18:00:00,2020-07-04 19:30:00,1,1,,Weightless Luxury Float,R1A-STDFLOT,normal,,BLACKFRIDAY VOUCHER,,,,0,,,,0.0,0,2020-07-04 17:32:00,Manager,2020-07-04 18:01:00,Manager,,,,"No, just quiet, please","No, just dark after I get in...",-3501981832904280236
171,2556007054777115,2020-07-08 18:00:00,2020-07-08 19:30:00,2,2,,Weightless Luxury Float,R1A-STDFLOT,normal,,GJAFABREF 2018-2019,2.0,"HF-611925,HF-611925",,0,,,,0.0,0,2020-07-05 17:02:00,CUSTOMER,,,,,,"No, just quiet, please","No, just dark after I get in...",1429805960130577416
172,2556007052067356,2020-07-26 13:30:00,2020-07-26 15:00:00,2,2,,Weightless Luxury Float,R1A-STDFLOT,normal,,,,,,0,,,,14234.24,15800,2020-07-05 20:39:00,CUSTOMER,2020-07-11 11:12:00,CUSTOMER,,,,"Yes, ambient music for 60m","No, just dark after I get in...",-184388175379270344
173,2556007067034743,2020-07-08 16:30:00,2020-07-08 18:00:00,1,1,,Weightless Luxury Float,R1A-STDFLOT,no-show,,GJAFABREF 2018-2019,1.0,3F-27727ZT,,0,,,,0.0,0,2020-07-06 20:38:00,CUSTOMER,2020-07-08 17:35:00,Lobby,,,,"Yes, ambient music for 15m","Yes, low for 15m",314896998031055195
174,2556007079566589,2020-07-08 10:30:00,2020-07-08 12:00:00,1,1,,Weightless Luxury Float,R1A-STDFLOT,normal,,,,,,0,,,,7117.12,7900,2020-07-07 09:27:00,CUSTOMER,,,,,,"No, just quiet, please","No, just dark after I get in...",-4865466210438988526
175,2556007078187213,2020-07-08 10:15:00,2020-07-08 10:30:00,1,1,,Therapeutic Massage Chair 15 minutes ,R1A-NUDDSTOLL,normal,,,,,,0,,,,1621.62,1800,2020-07-07 09:37:00,CUSTOMER,,,,,,,,-4865466210438988526
176,2556007074657998,2020-07-08 12:00:00,2020-07-08 13:30:00,2,2,,Weightless Luxury Float,R1A-STDFLOT,normal,,,,,,0,,,,14234.24,15800,2020-07-07 14:56:00,Manager,2020-07-08 12:09:00,Lobby,,,,"No, just quiet, please","No, just dark after I get in...",0
177,2556007072080988,2020-07-08 15:00:00,2020-07-08 16:30:00,2,2,,Weightless Luxury Float,R1A-STDFLOT,normal,,,,,,0,,,,14234.24,15800,2020-07-07 15:18:00,CUSTOMER,,,,,,"No, just quiet, please","No, just dark after I get in...",-1675820385425228876
178,2556007075596274,2020-07-08 12:00:00,2020-07-08 13:30:00,1,1,,Weightless Luxury Float,R1A-STDFLOT,normal,,,,,,0,,,,7117.12,7900,2020-07-07 20:34:00,CUSTOMER,,,,,,"Yes, ambient music for 30m","Yes, low for 30m",8171387146919551331
179,2556007078190388,2020-07-08 15:00:00,2020-07-08 16:30:00,1,1,,Weightless Luxury Float,R1A-STDFLOT,normal,,,,,,1,Members Floats - 45 Day Expire,,,0.0,0,2020-07-07 21:00:00,CUSTOMER,,,,,,"Yes, ambient music for 45m","Yes, low for 15m",-2371667822652658021
180,2556007081603525,2020-07-09 10:30:00,2020-07-09 12:00:00,2,2,,Weightless Luxury Float,R1A-STDFLOT,normal,,,,,,0,,,,14234.24,15800,2020-07-08 15:44:00,CUSTOMER,,,,,,"Yes, ambient music for 45m","Yes, low for 15m",6917433615355139424
181,2556007087421919,2020-07-15 10:30:00,2020-07-15 12:00:00,1,1,,Weightless Luxury Float,R1A-STDFLOT,normal,,GJAFABREF 2018-2019,1.0,1F-98736LF,,0,,,,0.0,0,2020-07-08 22:22:00,CUSTOMER,,,,,,"Yes, ambient music for 30m","Yes, low for 60m",-870869584917903675
182,2556007094844467,2020-07-09 15:15:00,2020-07-09 15:45:00,1,1,,Cryo-Air Full Service Wellness Facial,R1A-CRYOFAC,normal,,,,,,1,CryoAir 12 month expire,,,0.0,0,2020-07-09 01:48:00,CUSTOMER,,,,,,,,-6485797373318050789
183,2556007098307060,2020-07-09 13:30:00,2020-07-09 15:00:00,1,1,,Weightless Luxury Float,R1A-STDFLOT,normal,,,,,,1,Floats 12 month expire,,,0.0,0,2020-07-09 01:52:00,CUSTOMER,,,,,,"Yes, ambient music for 60m","Yes, low for 15m",-6485797373318050789
184,2556007098070300,2020-07-09 13:15:00,2020-07-09 13:30:00,1,1,,Therapeutic Massage Chair 15 minutes ,R1A-NUDDSTOLL,normal,,,,,,1,Massage Chair 15m 12 month expire,,,0.0,0,2020-07-09 01:53:00,CUSTOMER,,,,,,,,-6485797373318050789
185,2556007097209196,2020-07-17 12:15:00,2020-07-17 12:45:00,1,1,,Cryo-Air Full Service Wellness Facial,R1A-CRYOFAC,normal,,,,,,0,,,,4954.95,5500,2020-07-09 14:21:00,CUSTOMER,,,,,,,,2973170878303683647
186,2556007097407047,2020-08-19 19:30:00,2020-08-19 21:00:00,1,1,,Weightless Luxury Float,R1A-STDFLOT,normal,,BLACKFRIDAY VOUCHER,,,,0,,,,0.0,0,2020-07-09 14:26:00,Manager,2020-08-02 15:12:00,Manager,,,,"Yes, ambient music for 45m","Yes, low for 60m",8535151231953588215
187,2556007091333051,2020-08-19 19:15:00,2020-08-19 19:30:00,1,1,,Therapeutic Massage Chair 15 minutes ,R1A-NUDDSTOLL,normal,,BLACKFRIDAY VOUCHER,,,,0,,,,0.0,0,2020-07-09 14:27:00,Manager,2020-08-02 15:12:00,Manager,,,,,,8535151231953588215
188,2556007099989620,2020-07-17 12:45:00,2020-07-17 13:15:00,1,1,,Therapeutic Massage Chair (30 minutes),R1A-NUDDSTOLL30,normal,,,,,,0,,,,2612.61,2900,2020-07-09 14:31:00,CUSTOMER,,,,,no,,,2973170878303683647
189,2556007098395414,2020-07-17 13:30:00,2020-07-17 15:00:00,1,1,,Weightless Luxury Float,R1A-STDFLOT,normal,,,,,,0,,,,7117.12,7900,2020-07-09 14:33:00,CUSTOMER,,,,,,"Yes, ambient music for 30m","Yes, low for 30m",2973170878303683647
190,2556007092787513,2020-07-10 18:00:00,2020-07-10 19:30:00,2,2,,Weightless Luxury Float,R1A-STDFLOT,normal,,,,,,0,,,,14234.24,15800,2020-07-09 18:51:00,CUSTOMER,,,,,,"Yes, ambient music for 30m","Yes, low for 15m",8119827176918674691
191,2556007095797204,2020-07-10 19:30:00,2020-07-10 19:45:00,1,1,,Therapeutic Massage Chair 15 minutes ,R1A-NUDDSTOLL,normal,,,,,,0,,,,1621.62,1800,2020-07-09 18:55:00,CUSTOMER,,,,,,,,8119827176918674691
192,2556007092491116,2020-07-10 12:00:00,2020-07-10 13:30:00,2,2,,Weightless Luxury Float,R1A-STDFLOT,normal,,,,,,0,,,,10675.68,11850,2020-07-09 19:17:00,Manager,,,,,,"No, just quiet, please","No, just dark after I get in...",-2558382062991132449
193,2556007092451988,2020-07-10 13:45:00,2020-07-10 14:15:00,1,1,,Cryo-Air Full Service Wellness Facial,R1A-CRYOFAC,normal,,,,,,0,,,,3716.22,4125,2020-07-09 19:17:00,Manager,,,,,,,,-2558382062991132449
194,2556007097528919,2020-07-10 14:15:00,2020-07-10 14:45:00,1,1,,Cryo-Air Full Service Wellness Facial,R1A-CRYOFAC,normal,,,,,,0,,,,3716.22,4125,2020-07-09 19:18:00,Manager,,,,,,,,-2558382062991132449
195,2556007092561076,2020-07-11 10:30:00,2020-07-11 12:00:00,1,1,,Weightless Luxury Float,R1A-STDFLOT,normal,,,,,,1,Members Floats - 45 Day Expire,,,0.0,0,2020-07-09 20:40:00,CUSTOMER,,,,,,"No, just quiet, please","No, just dark after I get in...",1757321753495189618
196,2556007097400187,2020-07-11 10:30:00,2020-07-11 12:00:00,1,1,,Weightless Luxury Float,R1A-STDFLOT,normal,,,,,,1,Members Floats - 45 Day Expire,,,0.0,0,2020-07-09 20:42:00,CUSTOMER,,,,,,"No, just quiet, please","No, just dark after I get in...",1757321753495189618
197,2556007104016354,2020-07-11 12:00:00,2020-07-11 13:30:00,1,1,,Weightless Luxury Float,R1A-STDFLOT,normal,,,,,,1,Members Floats - 45 Day Expire,,,0.0,0,2020-07-10 09:44:00,CUSTOMER,,,,,,"No, just quiet, please","No, just dark after I get in...",-4921937457376125369
198,2556007107966018,2020-07-11 13:30:00,2020-07-11 15:00:00,2,2,,Weightless Luxury Float,R1A-STDFLOT,normal,,BLACKFRIDAY VOUCHER,,,,0,,,,0.0,0,2020-07-10 11:45:00,Manager,,,,,,"No, just quiet, please","No, just dark after I get in...",4241506857677271769
199,2556007101103396,2020-07-11 15:15:00,2020-07-11 15:45:00,1,1,,Cryo-Air Full Service Wellness Facial,R1A-CRYOFAC,normal,,BLACKFRIDAY VOUCHER,,,,0,,,,0.0,0,2020-07-10 11:46:00,Manager,,,,,,,,4241506857677271769
200,2556007107945594,2020-07-11 15:45:00,2020-07-11 16:15:00,1,1,,Cryo-Air Full Service Wellness Facial,R1A-CRYOFAC,normal,,BLACKFRIDAY VOUCHER,,,,0,,,,0.0,0,2020-07-10 11:47:00,Manager,,,,,,,,4241506857677271769
201,2556007106752158,2020-07-10 13:30:00,2020-07-10 15:00:00,2,2,,Weightless Luxury Float,R1A-STDFLOT,normal,,,,,,0,,,,14234.24,15800,2020-07-10 12:20:00,Lobby,2020-07-10 14:50:00,Manager,,,,"No, just quiet, please","No, just dark after I get in...",0
202,2556007109801235,2020-07-10 16:30:00,2020-07-10 18:00:00,1,1,,Weightless Luxury Float,R1A-STDFLOT,normal,,,,,,0,,,,7117.12,7900,2020-07-10 15:45:00,CUSTOMER,,,,,,"No, just quiet, please","No, just dark after I get in...",-3587194765526513993
203,2556007104687069,2020-07-11 15:00:00,2020-07-11 16:30:00,1,1,,Weightless Luxury Float,R1A-STDFLOT,normal,,GJAFABREF 2018-2019,1.0,2HF-576693GL,,0,,,,0.0,0,2020-07-10 20:01:00,CUSTOMER,,,,,,"Yes, ambient music for 45m","Yes, low for 45m",-173076495696046585
204,2556007112773838,2020-07-11 12:00:00,2020-07-11 13:30:00,1,1,,Weightless Luxury Float,R1A-STDFLOT,normal,,,,,,0,,Rp,-1400.0,4054.06,4500,2020-07-11 11:59:00,Manager,2020-07-11 13:56:00,Hydra Spa - Lobby,,,,"No, just quiet, please","No, just dark after I get in...",-2116016614157863231
205,2556007114274309,2020-07-15 10:30:00,2020-07-15 12:00:00,1,1,,Weightless Luxury Float,R1A-STDFLOT,normal,,,,,,0,,,,3558.56,3950,2020-07-11 12:22:00,Lobby,,,,,,"No, just quiet, please","No, just dark after I get in...",0
206,2556007117511191,2020-07-12 13:15:00,2020-07-12 13:30:00,1,1,,Therapeutic Massage Chair 15 minutes ,R1A-NUDDSTOLL,normal,,,,,,0,,Rp,-1800.0,0.0,0,2020-07-11 12:29:00,Lobby,2020-07-12 15:23:00,Manager,,,,,,-1639197541110116882
207,2556007114635142,2020-07-12 13:30:00,2020-07-12 15:00:00,1,1,,Weightless Luxury Float,R1A-STDFLOT,normal,,,,,,0,,,,7117.12,7900,2020-07-11 12:29:00,Lobby,2020-07-11 12:32:00,Manager,,,,"No, just quiet, please","No, just dark after I get in...",-1639197541110116882
208,2556007117723780,2020-07-11 13:30:00,2020-07-11 13:45:00,1,1,,Therapeutic Massage Chair 15 minutes ,R1A-NUDDSTOLL,normal,,,,,,1,Member Chair 15m - 45 day,,,0.0,0,2020-07-11 13:48:00,Manager,,,,,,,,-2116016614157863231
209,2556007116514535,2020-07-11 15:00:00,2020-07-11 16:30:00,2,2,,Weightless Luxury Float,R1A-STDFLOT,normal,,,,,,0,,Rash,-4400.0,10270.28,11400,2020-07-11 14:19:00,Manager,2020-07-11 16:35:00,Hydra Spa - Lobby,,,,"No, just quiet, please","No, just dark after I get in...",0
210,2556007111706903,2020-07-12 16:30:00,2020-07-12 18:00:00,1,1,,Weightless Luxury Float,R1A-STDFLOT,normal,,BLACKFRIDAY VOUCHER,,,,0,,Muse1,10000.0,8064.52,10000,2020-07-11 16:14:00,Lobby,2020-07-12 18:37:00,Hydra Spa - Lobby,,,,"No, just quiet, please","No, just dark after I get in...",1982620960741043345
211,2556007115888541,2020-07-12 18:15:00,2020-07-12 18:45:00,1,1,,Cryo-Air Full Service Wellness Facial,R1A-CRYOFAC,normal,,BLACKFRIDAY VOUCHER,,,,0,,,,0.0,0,2020-07-11 16:14:00,Lobby,2020-07-12 18:34:00,Hydra Spa - Lobby,,,,,,1982620960741043345
212,2556007116409089,2020-07-19 18:00:00,2020-07-19 19:30:00,1,1,,Weightless Luxury Float,R1A-STDFLOT,canceled,,,,,,0,,,,7117.12,0,2020-07-11 21:19:00,CUSTOMER,2020-07-12 14:15:00,Hydra Spa - Lobby,2020-07-19 13:18:00,Ryan Kevinsson,,"Yes, ambient music for 15m","Yes, low for 15m",-3705297175563830169
213,2556007115033525,2020-07-12 13:30:00,2020-07-12 15:00:00,1,1,,Weightless Luxury Float,R1A-STDFLOT,normal,,GJAFABREF 2018-2019,1.0,1F-39928QR,,0,,,,0.0,0,2020-07-11 23:05:00,CUSTOMER,,,,,,"Yes, ambient music for 60m","Yes, low for 60m",-5778805268420982532
214,2556007128516177,2020-07-12 16:30:00,2020-07-12 18:00:00,1,1,,Weightless Luxury Float,R1A-STDFLOT,normal,,,,,,0,,-2580,-1580.0,5693.7,6320,2020-07-12 15:46:00,Manager,,,,,,"No, just quiet, please","No, just dark after I get in...",0
215,2556007135076297,2020-07-15 16:30:00,2020-07-15 18:00:00,3,3,,Weightless Luxury Float,R1A-STDFLOT,normal,,Karilfeart,,,,0,,,,17081.07,18960,2020-07-13 00:03:00,CUSTOMER,,,,,,"Yes, ambient music for 60m","Yes, low for 45m",-3913870139141670956
216,2556007135290958,2020-07-15 10:30:00,2020-07-15 12:00:00,1,1,,Weightless Luxury Float,R1A-STDFLOT,normal,,BLACKFRIDAY VOUCHER,,,,0,,,,0.0,0,2020-07-13 16:42:00,Manager,,,,,,"No, just quiet, please","No, just dark after I get in...",0
217,2556007136931228,2020-07-15 12:00:00,2020-07-15 13:30:00,2,2,,Weightless Luxury Float,R1A-STDFLOT,normal,,GJAFABREF 2018-2019,2.0,"2F-34326MQ,2F-34326MQ",,0,,,,0.0,0,2020-07-13 19:24:00,CUSTOMER,2020-07-15 12:23:00,Lobby,,,,"Yes, ambient music for 30m","Yes, low for 60m",8415797773891284202
218,2556007146772012,2020-07-15 19:30:00,2020-07-15 21:00:00,1,1,,Weightless Luxury Float,R1A-STDFLOT,normal,,,,,,0,,,,3558.56,3950,2020-07-14 02:59:00,CUSTOMER,,,,,,"No, just quiet, please","No, just dark after I get in...",966132934192487264
219,2556007144781300,2020-07-15 12:00:00,2020-07-15 13:30:00,1,1,,Weightless Luxury Float,R1A-STDFLOT,normal,,,,,,0,,,,7117.12,7900,2020-07-14 11:25:00,Manager,,,,,,"No, just quiet, please","No, just dark after I get in...",0
220,2556007141625119,2020-07-15 11:45:00,2020-07-15 12:00:00,1,1,,Therapeutic Massage Chair 15 minutes ,R1A-NUDDSTOLL,normal,,,,,,0,,,,1621.62,1800,2020-07-14 11:26:00,Manager,,,,,,,,0
221,2556007142381106,2020-07-17 18:00:00,2020-07-17 19:30:00,2,2,,Weightless Luxury Float,R1A-STDFLOT,normal,,GJAFABREF 2018-2019,2.0,"2F-99969GD,2F-99969GD",,0,,,,0.0,0,2020-07-14 21:36:00,CUSTOMER,,,,,,"Yes, ambient music for 30m","No, just dark after I get in...",6551089985671946280
222,2556007151924117,2020-07-17 10:30:00,2020-07-17 12:00:00,1,1,,Weightless Luxury Float,R1A-STDFLOT,normal,,,,,,1,Members Floats - 45 Day Expire,,,0.0,0,2020-07-15 10:20:00,CUSTOMER,,,,,,"No, just quiet, please","No, just dark after I get in...",-4921937457376125369
223,2556007156628714,2020-07-16 12:15:00,2020-07-16 12:45:00,1,1,,Cryo-Air Full Service Wellness Facial,R1A-CRYOFAC,normal,,BLACKFRIDAY VOUCHER,,,,0,,,,0.0,0,2020-07-15 11:35:00,Lobby,,,,,,,,0
224,2556007159398756,2020-07-23 13:30:00,2020-07-23 15:00:00,1,1,,Weightless Luxury Float,R1A-STDFLOT,normal,,BLACKFRIDAY VOUCHER,,,,0,,,,0.0,0,2020-07-15 13:48:00,Manager,2020-07-23 13:23:00,Hydra Spa - Desk,,,,"No, just quiet, please","No, just dark after I get in...",279043197867808357
225,2556007154221824,2020-07-23 15:15:00,2020-07-23 15:45:00,1,1,,Cryo-Air Full Service Wellness Facial,R1A-CRYOFAC,normal,,BLACKFRIDAY VOUCHER,,,,0,,,,0.0,0,2020-07-15 13:48:00,Manager,,,,,,,,279043197867808357
226,2556007159433850,2020-07-18 16:30:00,2020-07-18 18:00:00,2,2,,Weightless Luxury Float,R1A-STDFLOT,normal,,,,,,0,,,,14234.24,15800,2020-07-15 17:41:00,CUSTOMER,,,,,,"No, just quiet, please","No, just dark after I get in...",-4885577813424524504
227,2556007154123375,2020-07-16 13:30:00,2020-07-16 15:00:00,1,1,,Weightless Luxury Float,R1A-STDFLOT,normal,,,,,,0,,,,7117.12,7900,2020-07-15 19:20:00,Manager,2020-07-15 23:20:00,Manager,,,,"No, just quiet, please","No, just dark after I get in...",6911245548246693784
228,2556007167924798,2020-07-17 10:30:00,2020-07-17 12:00:00,1,1,,Weightless Luxury Float,R1A-STDFLOT,normal,,,,,,0,,,,7117.12,7900,2020-07-16 10:15:00,CUSTOMER,2020-07-16 10:59:00,CUSTOMER,,,,"No, just quiet, please","No, just dark after I get in...",-8996428623248946612
229,2556007161250278,2020-07-16 15:00:00,2020-07-16 16:30:00,1,1,,Weightless Luxury Float,R1A-STDFLOT,normal,,,,,,0,,,,7117.12,7900,2020-07-16 10:22:00,CUSTOMER,,,,,,"Yes, ambient music for 60m","Yes, low for 60m",-3774097689199742437
230,2556007164444224,2020-07-22 16:30:00,2020-07-22 18:00:00,2,2,,Weightless Luxury Float,R1A-STDFLOT,normal,,GJAFABREF 2018-2019,2.0,"2F-74482GY,2F-74482GY",,0,,,,0.0,0,2020-07-16 10:47:00,Manager,2020-07-22 17:38:00,Lobby,,,,"No, just quiet, please","No, just dark after I get in...",0
231,2556007169180326,2020-07-18 19:30:00,2020-07-18 21:00:00,3,3,,Weightless Luxury Float,R1A-STDFLOT,normal,,GJAFABREF 2018-2019,3.0,"241-76297C,241-29287E,241-29287E",,0,,,,0.0,0,2020-07-16 18:00:00,CUSTOMER,2020-07-18 19:21:00,Hydra Spa - Lobby,,,,"No, just quiet, please","No, just dark after I get in...",-1673568441879857051
232,2556007167366162,2020-07-23 12:00:00,2020-07-23 13:30:00,2,2,,Weightless Luxury Float,R1A-STDFLOT,normal,,,,,,0,,,,7117.12,7900,2020-07-16 22:09:00,CUSTOMER,,,,,,"Yes, ambient music for 30m","Yes, low for 30m",6085553981955943444
233,2556007171253913,2020-07-18 18:00:00,2020-07-18 19:30:00,2,2,,Weightless Luxury Float,R1A-STDFLOT,normal,,,,,,0,,,,14234.24,15800,2020-07-17 10:02:00,CUSTOMER,,,,,,"Yes, ambient music for 60m","No, just dark after I get in...",1948369005761167385
234,2556007178301351,2020-07-19 18:00:00,2020-07-19 19:30:00,2,2,,Weightless Luxury Float,R1A-STDFLOT,normal,,,,,,0,,,,14234.24,15800,2020-07-17 10:16:00,CUSTOMER,,,,,,"Yes, ambient music for 30m","Yes, low for 30m",5964955074468478337
235,2556007171022623,2020-07-17 13:30:00,2020-07-17 15:00:00,1,1,,Weightless Luxury Float,R1A-STDFLOT,normal,,,,,,0,,,,7117.12,7900,2020-07-17 12:17:00,CUSTOMER,,,,,,"Yes, ambient music for 60m","Yes, low for 30m",6812389496747781543
236,2556007171261282,2020-07-17 15:30:00,2020-07-17 15:45:00,1,1,,Therapeutic Massage Chair 15 minutes ,R1A-NUDDSTOLL,normal,,,,,,0,,,,1621.62,1800,2020-07-17 12:20:00,CUSTOMER,,,,,,,,6812389496747781543
237,2556007179342473,2020-07-17 13:45:00,2020-07-17 14:15:00,1,1,,Cryo-Air Full Service Wellness Facial,R1A-CRYOFAC,normal,,BLACKFRIDAY VOUCHER,,,,0,,,,0.0,0,2020-07-17 14:44:00,Lobby,,,,,,,,8004238398238079821
238,2556007172310184,2020-07-17 14:15:00,2020-07-17 14:45:00,1,1,,Cryo-Air Full Service Wellness Facial,R1A-CRYOFAC,normal,,BLACKFRIDAY VOUCHER,,,,0,,,,0.0,0,2020-07-17 14:45:00,Lobby,,,,,,,,8004238398238079821
239,2556007183710821,2020-07-18 15:00:00,2020-07-18 16:30:00,2,2,,Weightless Luxury Float,R1A-STDFLOT,normal,,,,,,0,,,,10630.64,11800,2020-07-18 05:40:00,CUSTOMER,2020-07-18 10:40:00,Manager,,,,"No, just quiet, please","No, just dark after I get in...",-2947883332802664780
240,2556007187076588,2020-07-18 13:30:00,2020-07-18 15:00:00,2,2,,Weightless Luxury Float,R1A-STDFLOT,normal,,,,,,0,,,,14234.24,15800,2020-07-18 11:16:00,CUSTOMER,,,,,,"Yes, ambient music for 60m","Yes, low for 15m",3312347730541264538
241,2556007181041928,2020-07-19 15:00:00,2020-07-19 16:30:00,2,2,,Weightless Luxury Float,R1A-STDFLOT,normal,,GJAFABREF 2018-2019,1.0,2HF-576693GL,,0,,,,7117.12,7900,2020-07-18 12:28:00,CUSTOMER,,,,,,"Yes, ambient music for 15m","Yes, low for 15m",-173076495696046585
242,2556007183371712,2020-07-18 16:30:00,2020-07-18 18:00:00,1,1,,Weightless Luxury Float,R1A-STDFLOT,normal,,,,,,1,Members Floats - 45 Day Expire,,,0.0,0,2020-07-18 12:35:00,CUSTOMER,,,,,,"Yes, ambient music for 60m","No, just dark after I get in...",-2371667822652658021
243,2556007199436245,2020-07-19 15:00:00,2020-07-19 16:30:00,1,1,,Weightless Luxury Float,R1A-STDFLOT,normal,,,,,,0,,,,7117.12,7900,2020-07-19 13:00:00,Manager,2020-07-19 13:00:00,Manager,,,,"No, just quiet, please","No, just dark after I get in...",0
244,2556007191039693,2020-07-22 10:30:00,2020-07-22 12:00:00,1,1,,Weightless Luxury Float,R1A-STDFLOT,canceled,,,,,,0,,,,7117.12,0,2020-07-19 13:04:00,CUSTOMER,,,2020-07-19 13:06:00,CUSTOMER,,"No, just quiet, please","No, just dark after I get in...",8378726598837343591
245,2556007196433745,2020-07-19 16:30:00,2020-07-19 18:00:00,1,1,,Weightless Luxury Float,R1A-STDFLOT,normal,,GJAFABREF 2018-2019,1.0,241-78275A,,0,,,,0.0,0,2020-07-19 13:06:00,CUSTOMER,,,,,,"No, just quiet, please","No, just dark after I get in...",1473450031495097343
246,2556007192316877,2020-07-19 19:30:00,2020-07-19 21:00:00,2,2,,Weightless Luxury Float,R1A-STDFLOT,normal,,ONE TIME 15%,,,,0,,,,12099.1,13430,2020-07-19 13:43:00,Manager,2020-07-19 19:21:00,Hydra Spa - Lobby,,,,"No, just quiet, please","No, just dark after I get in...",-3324570274469382975
247,2556007199599197,2020-07-19 16:45:00,2020-07-19 17:15:00,1,1,,Cryo-Air Full Service Wellness Facial,R1A-CRYOFAC,normal,,,,,,0,,,,4954.95,5500,2020-07-19 15:30:00,Manager,,,,,,,,0
248,2556007194546482,2020-07-19 16:30:00,2020-07-19 16:45:00,1,1,,Therapeutic Massage Chair 15 minutes ,R1A-NUDDSTOLL,normal,,,,,,0,,,,1621.62,1800,2020-07-19 17:15:00,Lobby,,,,,,,,0
249,2556007194411371,2020-07-23 13:30:00,2020-07-23 15:00:00,2,2,,Weightless Luxury Float,R1A-STDFLOT,normal,,,,,,0,,,,14234.24,15800,2020-07-19 18:18:00,CUSTOMER,,,,,,"Yes, ambient music for 30m","Yes, low for 60m",-4338873552911713433
250,2556007198760387,2020-07-22 15:00:00,2020-07-22 16:30:00,2,2,,Weightless Luxury Float,R1A-STDFLOT,normal,,25% on bookings by staff,,,,0,,,,10675.68,11850,2020-07-19 19:36:00,CUSTOMER,2020-07-22 16:18:00,Hydra Spa - Desk,,,,"Yes, ambient music for 60m","Yes, low for 45m",-909676992561070017
251,2556007207123359,2020-07-22 10:30:00,2020-07-22 12:00:00,1,1,,Weightless Luxury Float,R1A-STDFLOT,normal,,,,,,0,,,,7117.12,7900,2020-07-20 00:39:00,CUSTOMER,,,,,,"Yes, ambient music for 30m","Yes, low for 30m",169848619919952405
252,2556007207456864,2020-07-29 13:30:00,2020-07-29 15:00:00,2,2,,Weightless Luxury Float,R1A-STDFLOT,normal,,BLACKFRIDAY VOUCHER,,,,0,,,,0.0,0,2020-07-20 11:34:00,Manager,2020-07-29 13:26:00,Hydra Spa - Lobby,,,,"No, just quiet, please","No, just dark after I get in...",7302564763661209429
253,2556007209442691,2020-07-29 15:15:00,2020-07-29 15:45:00,1,1,,Cryo-Air Full Service Wellness Facial,R1A-CRYOFAC,normal,,BLACKFRIDAY VOUCHER,,,,0,,,,0.0,0,2020-07-20 11:35:00,Manager,,,,,,,,7302564763661209429
254,2556007203435643,2020-07-29 15:45:00,2020-07-29 16:15:00,1,1,,Cryo-Air Full Service Wellness Facial,R1A-CRYOFAC,normal,,BLACKFRIDAY VOUCHER,,,,0,,,,0.0,0,2020-07-20 11:35:00,Manager,,,,,,,,7302564763661209429
255,2556007202494922,2020-07-24 12:00:00,2020-07-24 13:30:00,2,2,,Weightless Luxury Float,R1A-STDFLOT,normal,,,,,,0,,,,14234.24,15800,2020-07-20 20:59:00,CUSTOMER,,,,,,"Yes, ambient music for 15m","No, just dark after I get in...",3876278772880263306
256,2556007216890111,2020-07-24 16:30:00,2020-07-24 18:00:00,2,2,,Weightless Luxury Float,R1A-STDFLOT,normal,,,,,,0,,,,14234.24,15800,2020-07-21 10:21:00,CUSTOMER,,,,,,"No, just quiet, please","No, just dark after I get in...",-3456012392201016582
257,2556007219485231,2020-07-24 10:30:00,2020-07-24 12:00:00,2,2,,Weightless Luxury Float,R1A-STDFLOT,normal,,GJAFABREF 2018-2019,1.0,HF-22429YT,,0,,,,7117.12,7900,2020-07-21 13:22:00,CUSTOMER,2020-07-22 15:00:00,Lobby,,,,"No, just quiet, please","No, just dark after I get in...",-9177293507423307080
258,2556007211026229,2020-07-22 12:00:00,2020-07-22 13:30:00,2,2,,Weightless Luxury Float,R1A-STDFLOT,normal,,,,,,0,,,,14234.24,15800,2020-07-21 15:39:00,CUSTOMER,,,,,,"No, just quiet, please","No, just dark after I get in...",141889841192585039
259,2556007218556069,2020-07-24 12:00:00,2020-07-24 13:30:00,1,1,,Weightless Luxury Float,R1A-STDFLOT,normal,,,,,,0,,,,7117.12,7900,2020-07-21 15:45:00,CUSTOMER,2020-07-22 10:34:00,Manager,,,,"Yes, ambient music for 60m","Yes, low for 60m",141889841192585039
260,2556007221491516,2020-07-25 16:30:00,2020-07-25 18:00:00,2,2,,Weightless Luxury Float,R1A-STDFLOT,normal,,,,,,0,,,,14234.24,15800,2020-07-22 08:35:00,CUSTOMER,,,,,,"No, just quiet, please","No, just dark after I get in...",1461406666645049845
261,2556007224442731,2020-07-23 10:30:00,2020-07-23 12:00:00,1,1,,Weightless Luxury Float,R1A-STDFLOT,normal,,,,,,1,Members Floats - 45 Day Expire,,,0.0,0,2020-07-22 09:47:00,CUSTOMER,,,,,,"No, just quiet, please","No, just dark after I get in...",2089075459032160758
262,2556007224805708,2020-07-23 15:00:00,2020-07-23 16:30:00,2,2,,Weightless Luxury Float,R1A-STDFLOT,normal,,BLACKFRIDAY VOUCHER,,,,0,,,,0.0,0,2020-07-22 17:43:00,CUSTOMER,2020-07-24 12:13:00,Lobby,,,,"Yes, ambient music for 60m","Yes, low for 30m",4935127766384543159
263,2556007222152427,2020-07-29 12:00:00,2020-07-29 13:30:00,1,1,,Weightless Luxury Float,R1A-STDFLOT,normal,,,,,,0,,,,7117.12,7900,2020-07-22 18:31:00,CUSTOMER,,,,,,"Yes, ambient music for 15m","No, just dark after I get in...",-8366820339863136789
264,2556007232187685,2020-07-24 18:00:00,2020-07-24 19:30:00,2,2,,Weightless Luxury Float,R1A-STDFLOT,normal,,GJAFABREF 2018-2019,2.0,"2F-46746RU,2F-46746RU",,0,,,,0.0,0,2020-07-23 18:28:00,CUSTOMER,2020-07-24 17:51:00,Lobby,,,,"Yes, ambient music for 45m","Yes, low for 45m",-531212245310820865
265,2556007234548627,2020-08-15 15:00:00,2020-08-15 16:30:00,2,2,,Weightless Luxury Float,R1A-STDFLOT,normal,,,,,,0,,,,14234.24,15800,2020-07-23 19:51:00,CUSTOMER,,,,,,"Yes, ambient music for 30m","Yes, low for 30m",2330958481060939198
266,2556007232598595,2020-08-15 16:45:00,2020-08-15 17:00:00,1,1,,Therapeutic Massage Chair 15 minutes ,R1A-NUDDSTOLL,normal,,,,,,0,,,,1621.62,1800,2020-07-23 20:04:00,CUSTOMER,,,,,,,,2330958481060939198
267,2556007247615020,2020-07-25 12:00:00,2020-07-25 13:30:00,1,1,,Weightless Luxury Float,R1A-STDFLOT,normal,,,,,,1,Members Floats - 45 Day Expire,,,0.0,0,2020-07-24 09:19:00,CUSTOMER,,,,,,"No, just quiet, please","No, just dark after I get in...",-4921937457376125369
268,2556007242939518,2020-07-26 15:00:00,2020-07-26 16:30:00,1,1,,Weightless Luxury Float,R1A-STDFLOT,normal,,GJAFABREF 2018-2019,1.0,1109-1901,,0,,,,0.0,0,2020-07-24 12:57:00,CUSTOMER,,,,,,"Yes, ambient music for 60m","Yes, low for 60m",-4475355482674754222
269,2556007248966139,2020-07-25 15:00:00,2020-07-25 16:30:00,1,1,,Weightless Luxury Float,R1A-STDFLOT,normal,,,,,,0,,,,7117.12,7900,2020-07-24 16:15:00,Lobby,,,,,,"No, just quiet, please","No, just dark after I get in...",-6014431868372112875
270,2556007252256321,2020-07-26 16:30:00,2020-07-26 18:00:00,1,1,,Weightless Luxury Float,R1A-STDFLOT,normal,,,,,,0,,,,7117.12,7900,2020-07-25 19:36:00,CUSTOMER,,,,,,"No, just quiet, please","No, just dark after I get in...",-4252653513588982838
271,2556007278133400,2020-07-31 13:30:00,2020-07-31 15:00:00,1,1,,Weightless Luxury Float,R1A-STDFLOT,normal,,,,,,0,,,,7117.12,7900,2020-07-27 13:56:00,CUSTOMER,2020-07-30 13:16:00,CUSTOMER,,,,"Yes, ambient music for 15m","Yes, low for 15m",-6905953585492867553
272,2556007271173720,2020-07-29 19:30:00,2020-07-29 21:00:00,2,2,,Weightless Luxury Float,R1A-STDFLOT,normal,,,,,,0,,,,14234.24,15800,2020-07-27 19:46:00,CUSTOMER,,,,,,"No, just quiet, please","No, just dark after I get in...",9001271179679355400
273,2556007272142925,2020-07-31 13:30:00,2020-07-31 15:00:00,1,1,,Weightless Luxury Float,R1A-STDFLOT,normal,,,,,,1,Members Floats - 45 Day Expire,,,0.0,0,2020-07-27 22:14:00,CUSTOMER,,,,,,"No, just quiet, please","No, just dark after I get in...",2089075459032160758
274,2556007279200001,2020-08-05 18:00:00,2020-08-05 19:30:00,1,1,,Weightless Luxury Float,R1A-STDFLOT,normal,,GJAFABREF 2018-2019,1.0,2F-97688FB,,0,,,,0.0,0,2020-07-27 22:34:00,CUSTOMER,2020-08-02 15:25:00,Manager,,,,"Yes, ambient music for 60m","No, just dark after I get in...",-7094301942774510984
275,2556007273027569,2020-08-13 15:00:00,2020-08-13 16:30:00,2,2,,Weightless Luxury Float,R1A-STDFLOT,normal,,,,,,0,,,,14234.24,15800,2020-07-27 22:35:00,CUSTOMER,,,,,,"Yes, ambient music for 30m","Yes, low for 45m",1592122919755511585
276,2556007282075314,2020-07-29 12:00:00,2020-07-29 13:30:00,1,1,,Weightless Luxury Float,R1A-STDFLOT,normal,,BLACKFRIDAY VOUCHER,,,,0,,,,0.0,0,2020-07-28 13:27:00,CUSTOMER,2020-07-29 11:55:00,Hydra Spa - Lobby,,,,"Yes, ambient music for 15m","Yes, low for 15m",2222511025934136285
277,2556007292573132,2020-07-29 18:00:00,2020-07-29 19:30:00,1,1,,Weightless Luxury Float,R1A-STDFLOT,normal,,,,,,0,,,,7117.12,7900,2020-07-29 11:22:00,CUSTOMER,,,,,,"No, just quiet, please","No, just dark after I get in...",-3744906458983403747
278,2556007293074836,2020-07-30 12:00:00,2020-07-30 13:30:00,2,2,,Weightless Luxury Float,R1A-STDFLOT,normal,,GJAFABREF 2018-2019,2.0,"2F-42992UM,2F-42992UM",,0,,,,0.0,0,2020-07-29 13:42:00,CUSTOMER,2020-07-30 11:53:00,Lobby,,,,"Yes, ambient music for 30m","Yes, low for 30m",-2570424493040705889
279,2556007298241898,2020-07-30 18:00:00,2020-07-30 19:30:00,1,1,,Weightless Luxury Float,R1A-STDFLOT,normal,,GJAFABREF 2018-2019,1.0,2B-68622PA,,0,,,,0.0,0,2020-07-29 14:01:00,CUSTOMER,,,,,,"Yes, ambient music for 15m","No, just dark after I get in...",-2940524823885132879
280,2556007296897048,2020-07-29 16:30:00,2020-07-29 18:00:00,1,1,,Weightless Luxury Float,R1A-STDFLOT,normal,,GJAFABREF 2018-2019,1.0,2F-88428UP,,0,,,,0.0,0,2020-07-29 14:15:00,CUSTOMER,,,,,,"No, just quiet, please","No, just dark after I get in...",-3215477065885029717
281,2556007297010643,2020-07-29 19:30:00,2020-07-29 21:00:00,1,1,,Weightless Luxury Float,R1A-STDFLOT,normal,,,,,,1,Members Floats - 45 Day Expire,,,0.0,0,2020-07-29 15:10:00,CUSTOMER,,,,,,"No, just quiet, please","No, just dark after I get in...",8245758938531900982
282,2556007296676584,2020-07-30 12:00:00,2020-07-30 13:30:00,1,1,,Weightless Luxury Float,R1A-STDFLOT,normal,,,,,,0,,,,7117.12,7900,2020-07-29 17:17:00,CUSTOMER,,,,,,"Yes, ambient music for 60m","Yes, low for 15m",-3947879171720241286
283,2556007296689744,2020-07-30 19:30:00,2020-07-30 21:00:00,2,2,,Weightless Luxury Float,R1A-STDFLOT,normal,,,,,,0,,Rp,-8000.0,7027.03,7800,2020-07-29 19:21:00,Lobby,2020-07-29 19:24:00,Hydra Spa - Lobby,,,,"No, just quiet, please","No, just dark after I get in...",6667638985906809364
284,2556007294907267,2020-07-30 10:30:00,2020-07-30 12:00:00,1,1,,Weightless Luxury Float,R1A-STDFLOT,normal,,,,,,0,,,,7117.12,7900,2020-07-29 22:58:00,CUSTOMER,,,,,,"Yes, ambient music for 60m","No, just dark after I get in...",2622647695467541095
285,2556007307399335,2020-07-31 15:00:00,2020-07-31 16:30:00,1,1,,Weightless Luxury Float,R1A-STDFLOT,normal,,,,,,0,,,,7117.12,0,2020-07-30 18:56:00,Lobby,,,,,,"No, just quiet, please","No, just dark after I get in...",0
286,2556007302573383,2020-08-02 13:30:00,2020-08-02 15:00:00,2,2,,Weightless Luxury Float,R1A-STDFLOT,normal,,GJAFABREF 2018-2019,2.0,"2HF-357528TC,2HF-357528TC",,0,,,,0.0,0,2020-07-30 20:36:00,CUSTOMER,,,,,,"Yes, ambient music for 60m","Yes, low for 60m",4329475692323522096
287,2556007305822072,2020-08-06 19:30:00,2020-08-06 21:00:00,1,1,,Weightless Luxury Float,R1A-STDFLOT,normal,,,,,,0,,,,7117.12,7900,2020-07-30 20:56:00,Lobby,2020-07-30 21:03:00,Hydra Spa - Lobby,,,,"No, just quiet, please","No, just dark after I get in...",6667638985906809364
288,2556007304081732,2020-08-06 19:30:00,2020-08-06 21:00:00,1,1,,Weightless Luxury Float,R1A-STDFLOT,normal,,,,,,1,Members Floats - 45 Day Expire,,,0.0,0,2020-07-30 21:04:00,Lobby,,,,,,"No, just quiet, please","No, just dark after I get in...",-802548053470034017
289,2556007305020545,2020-07-31 12:00:00,2020-07-31 13:30:00,2,2,,Weightless Luxury Float,R1A-STDFLOT,normal,,GJAFABREF 2018-2019,2.0,"2F-72234DJ,2F-72234DJ",,0,,,,0.0,0,2020-07-30 21:59:00,CUSTOMER,,,,,,"No, just quiet, please","No, just dark after I get in...",1076799178177320980
290,2556007315685023,2020-08-05 15:00:00,2020-08-05 16:30:00,1,1,,Weightless Luxury Float,R1A-STDFLOT,normal,,,,,,0,,,,7117.12,7900,2020-07-31 00:18:00,CUSTOMER,,,,,,"No, just quiet, please","No, just dark after I get in...",-9180515864343446548
291,2556008015143504,2020-08-02 15:00:00,2020-08-02 16:30:00,1,1,,Weightless Luxury Float,R1A-STDFLOT,canceled,,,,,,0,,,,7117.12,3600,2020-08-01 17:04:00,Manager,,,2020-08-02 15:10:00,Ryan Kevinsson,,"No, just quiet, please","No, just dark after I get in...",0
292,2556008012098230,2020-08-02 13:30:00,2020-08-02 15:00:00,1,1,,Weightless Luxury Float,R1A-STDFLOT,normal,,,,,,1,Members Floats - 45 Day Expire,,,0.0,0,2020-08-01 17:11:00,CUSTOMER,,,,,,"Yes, ambient music for 15m","No, just dark after I get in...",-1317393941081589530
293,2556008017526020,2020-08-02 13:15:00,2020-08-02 13:30:00,1,1,,Therapeutic Massage Chair 15 minutes ,R1A-NUDDSTOLL,normal,,,,,,1,Member Chair 15m - 45 day,,,0.0,0,2020-08-01 18:18:00,Manager,2020-08-02 12:38:00,Hydra Spa - Lobby,,,,,,-1317393941081589530
294,2556008028893514,2020-08-05 18:00:00,2020-08-05 19:30:00,2,2,,Weightless Luxury Float,R1A-STDFLOT,normal,,BLACKFRIDAY VOUCHER,,,,0,,,,0.0,0,2020-08-02 18:58:00,Manager,,,,,,"No, just quiet, please","No, just dark after I get in...",1566402721875251114
295,2556008039229400,2020-08-06 16:30:00,2020-08-06 18:00:00,1,1,,Weightless Luxury Float,R1A-STDFLOT,normal,,,,,,1,Members Floats - 45 Day Expire,,,0.0,0,2020-08-03 12:02:00,CUSTOMER,,,,,,"Yes, ambient music for 60m","Yes, low for 60m",-2874499259700653566
296,2556008035102835,2020-08-13 16:30:00,2020-08-13 18:00:00,1,1,,Weightless Luxury Float,R1A-STDFLOT,normal,,,,,,1,Members Floats - 45 Day Expire,,,0.0,0,2020-08-03 12:04:00,CUSTOMER,,,,,,"Yes, ambient music for 60m","Yes, low for 60m",-2874499259700653566
297,2556008032502464,2020-08-13 18:00:00,2020-08-13 18:15:00,1,1,,Therapeutic Massage Chair 15 minutes ,R1A-NUDDSTOLL,normal,,,,,,1,Member Chair 15m - 45 day,,,0.0,0,2020-08-03 12:05:00,CUSTOMER,,,,,,,,-2874499259700653566
298,2556008037982620,2020-08-06 18:00:00,2020-08-06 18:15:00,1,1,,Therapeutic Massage Chair 15 minutes ,R1A-NUDDSTOLL,normal,,,,,,1,Member Chair 15m - 45 day,,,0.0,0,2020-08-03 12:05:00,CUSTOMER,,,,,,,,-2874499259700653566
299,2556008037731003,2020-08-20 16:30:00,2020-08-20 18:00:00,1,1,,Weightless Luxury Float,R1A-STDFLOT,normal,,,,,,1,Members Floats - 45 Day Expire,,,0.0,0,2020-08-03 12:07:00,CUSTOMER,,,,,,"Yes, ambient music for 60m","Yes, low for 60m",-2874499259700653566
300,2556008038040839,2020-08-20 18:00:00,2020-08-20 18:15:00,1,1,,Therapeutic Massage Chair 15 minutes ,R1A-NUDDSTOLL,normal,,,,,,1,Member Chair 15m - 45 day,,,0.0,0,2020-08-03 12:08:00,CUSTOMER,,,,,,,,-2874499259700653566
301,2556008031709651,2020-08-27 16:30:00,2020-08-27 18:00:00,1,1,,Weightless Luxury Float,R1A-STDFLOT,normal,,,,,,1,Members Floats - 45 Day Expire,,,0.0,0,2020-08-03 12:10:00,CUSTOMER,,,,,,"Yes, ambient music for 60m","Yes, low for 60m",-2874499259700653566
302,2556008038935638,2020-08-27 18:00:00,2020-08-27 18:15:00,1,1,,Therapeutic Massage Chair 15 minutes ,R1A-NUDDSTOLL,normal,,,,,,1,Member Chair 15m - 45 day,,,0.0,0,2020-08-03 12:10:00,CUSTOMER,,,,,,,,-2874499259700653566
303,2556008032899443,2020-08-05 12:00:00,2020-08-05 13:30:00,1,1,,Weightless Luxury Float,R1A-STDFLOT,normal,,,,,,0,,,,7117.12,7900,2020-08-03 14:46:00,CUSTOMER,,,,,,"No, just quiet, please","No, just dark after I get in...",7309625929315006725
304,2556008046625926,2020-08-05 13:30:00,2020-08-05 15:00:00,1,1,,Weightless Luxury Float,R1A-STDFLOT,canceled,,,,,,0,,,,7117.12,0,2020-08-04 16:57:00,CUSTOMER,,,2020-08-04 22:59:00,CUSTOMER,,"No, just quiet, please","No, just dark after I get in...",3148693546757588188
305,2556008045385595,2020-08-05 16:30:00,2020-08-05 18:00:00,1,1,,Weightless Luxury Float,R1A-STDFLOT,normal,,,,,,0,,,,7117.12,7900,2020-08-04 22:54:00,CUSTOMER,2020-08-05 16:38:00,Lobby,,,,"Yes, ambient music for 30m","Yes, low for 15m",-7945423491457484571
306,2556008055854418,2020-08-06 18:00:00,2020-08-06 19:30:00,2,2,,Weightless Luxury Float,R1A-STDFLOT,normal,,,,,,0,,,,14234.24,15800,2020-08-05 08:15:00,CUSTOMER,2020-08-05 10:20:00,Manager,,,,"Yes, ambient music for 30m","Yes, low for 30m",7263077315411138258
307,2556008051255909,2020-08-05 16:30:00,2020-08-05 18:00:00,2,2,,Weightless Luxury Float,R1A-STDFLOT,normal,,,,,,0,,,,14234.24,15800,2020-08-05 12:04:00,CUSTOMER,,,,,,"No, just quiet, please","No, just dark after I get in...",6016703365610242808
308,2556008056297043,2020-08-05 13:30:00,2020-08-05 15:00:00,1,1,,Weightless Luxury Float,R1A-STDFLOT,normal,,GJAFABREF 2018-2019,1.0,1F-73833PB,,0,,,,0.0,0,2020-08-05 13:04:00,CUSTOMER,2020-08-05 16:19:00,Lobby,,,,"No, just quiet, please","Yes, low for 15m",4782520316030667065
309,2556008053349062,2020-08-06 12:15:00,2020-08-06 12:45:00,1,1,,Therapeutic Massage Chair (30 minutes),R1A-NUDDSTOLL30,normal,,,,,,0,,,,2612.61,2900,2020-08-05 15:04:00,CUSTOMER,,,,,no,,,5977680303343794892
310,2556008058415156,2020-08-05 19:30:00,2020-08-05 21:00:00,2,2,,Weightless Luxury Float,R1A-STDFLOT,normal,,,,,,0,,,,14234.24,15800,2020-08-05 15:05:00,CUSTOMER,,,,,,"No, just quiet, please","No, just dark after I get in...",-5205889813495769263
311,2556008054593606,2020-08-09 15:00:00,2020-08-09 16:30:00,2,2,,Weightless Luxury Float,R1A-STDFLOT,normal,,,,,,0,,,,14234.24,15800,2020-08-05 18:31:00,CUSTOMER,,,,,,"Yes, ambient music for 30m","Yes, low for 60m",-1776524289726405535
312,2556008054574106,2020-08-14 19:30:00,2020-08-14 21:00:00,1,1,,Weightless Luxury Float,R1A-STDFLOT,normal,,SUMAR25,,,,0,,,,5337.84,0,2020-08-05 21:53:00,CUSTOMER,2020-08-06 07:19:00,CUSTOMER,,,,"Yes, ambient music for 30m","Yes, low for 15m",-7740657959370107012
313,2556008061696559,2020-08-08 16:30:00,2020-08-08 18:00:00,2,2,,Weightless Luxury Float,R1A-STDFLOT,normal,,GJAFABREF 2018-2019,2.0,"2HF-856498XM,2HF-856498XM",,0,,,,0.0,0,2020-08-06 10:37:00,CUSTOMER,,,,,,"No, just quiet, please","Yes, low for 15m",-4242088276457562443
314,2556008061888888,2020-08-12 13:30:00,2020-08-12 15:00:00,1,1,,Weightless Luxury Float,R1A-STDFLOT,canceled,,,,,,0,,,,7117.12,0,2020-08-06 11:39:00,CUSTOMER,,,2020-08-11 11:57:00,CUSTOMER,,"Yes, ambient music for 30m","No, just dark after I get in...",4291785969644955030
315,2556008066288671,2020-08-06 16:30:00,2020-08-06 18:00:00,1,1,,Weightless Luxury Float,R1A-STDFLOT,normal,,SUMAR25,,,,0,,,,5337.84,5925,2020-08-06 11:58:00,CUSTOMER,,,,,,"Yes, ambient music for 30m","Yes, low for 15m",-8083451036704817643
316,2556008061833568,2020-08-13 12:15:00,2020-08-13 12:45:00,1,1,,Therapeutic Massage Chair (30 minutes),R1A-NUDDSTOLL30,normal,,,,,,0,,,,2612.61,2900,2020-08-06 12:37:00,Hydra Spa - Desk,2020-08-11 12:52:00,Manager,,,no,,,5977680303343794892
317,2556008062693475,2020-08-07 18:00:00,2020-08-07 19:30:00,2,2,,Weightless Luxury Float,R1A-STDFLOT,normal,,25% on bookings by staff,,,,0,,Cash afsl,-1850.0,9305.31,10000,2020-08-06 13:48:00,Manager,2020-08-14 11:06:00,Manager,,,,"No, just quiet, please","No, just dark after I get in...",-779409710392134992
318,2556008067014413,2020-08-12 13:30:00,2020-08-12 15:00:00,1,1,,Weightless Luxury Float,R1A-STDFLOT,normal,,,,,,0,,,,7117.12,7900,2020-08-06 18:25:00,CUSTOMER,2020-08-07 19:29:00,CUSTOMER,,,,"Yes, ambient music for 30m","No, just dark after I get in...",8000031578063277806
319,2556008067710926,2020-08-12 11:15:00,2020-08-12 11:45:00,1,1,,Therapeutic Massage Chair (30 minutes),R1A-NUDDSTOLL30,normal,,,,,,0,,,,1306.31,1450,2020-08-06 18:25:00,CUSTOMER,,,,,no,,,-2874499259700653566
320,2556008068468372,2020-08-14 12:15:00,2020-08-14 12:45:00,1,1,,Therapeutic Massage Chair (30 minutes),R1A-NUDDSTOLL30,normal,,,,,,0,,,,1306.31,1450,2020-08-06 18:26:00,CUSTOMER,,,,,no,,,-2874499259700653566
321,2556008063848363,2020-08-19 12:15:00,2020-08-19 12:45:00,1,1,,Therapeutic Massage Chair (30 minutes),R1A-NUDDSTOLL30,normal,,,,,,0,,,,1306.31,1450,2020-08-06 18:26:00,CUSTOMER,,,,,no,,,-2874499259700653566
322,2556008063860099,2020-08-21 12:15:00,2020-08-21 12:45:00,1,1,,Therapeutic Massage Chair (30 minutes),R1A-NUDDSTOLL30,normal,,,,,,0,,,,1306.31,1450,2020-08-06 18:27:00,CUSTOMER,,,,,no,,,-2874499259700653566
323,2556008069039711,2020-08-26 12:15:00,2020-08-26 12:45:00,1,1,,Therapeutic Massage Chair (30 minutes),R1A-NUDDSTOLL30,normal,,,,,,0,,,,1306.31,1450,2020-08-06 18:27:00,CUSTOMER,,,,,no,,,-2874499259700653566
324,2556008068204316,2020-08-28 12:15:00,2020-08-28 12:45:00,1,1,,Therapeutic Massage Chair (30 minutes),R1A-NUDDSTOLL30,normal,,,,,,0,,,,1306.31,1450,2020-08-06 18:28:00,CUSTOMER,,,,,no,,,-2874499259700653566
325,2556008067464606,2020-08-21 12:00:00,2020-08-21 13:30:00,1,1,,Weightless Luxury Float,R1A-STDFLOT,normal,,SUMAR25,,,,0,,,,5337.84,5925,2020-08-06 22:11:00,CUSTOMER,2020-08-13 13:52:00,CUSTOMER,,,,"Yes, ambient music for 15m","Yes, low for 15m",-1972057612075831016
326,2556008071610792,2020-08-09 18:00:00,2020-08-09 19:30:00,2,2,,Weightless Luxury Float,R1A-STDFLOT,normal,,,,,,0,,,,14234.24,15800,2020-08-07 07:48:00,CUSTOMER,,,,,,"No, just quiet, please","No, just dark after I get in...",-7663302886546139
327,2556008072559670,2020-08-07 13:30:00,2020-08-07 15:00:00,1,1,,Weightless Luxury Float,R1A-STDFLOT,normal,,,,,,1,Members Floats - 45 Day Expire,,,0.0,0,2020-08-07 15:11:00,Lobby,,,,,,"No, just quiet, please","No, just dark after I get in...",201805161730945916
328,2556008078814137,2020-08-14 15:00:00,2020-08-14 16:30:00,1,1,,Weightless Luxury Float,R1A-STDFLOT,normal,,,,,,0,,,,5315.32,5900,2020-08-07 15:12:00,CUSTOMER,,,,,,"No, just quiet, please","No, just dark after I get in...",201805161730945916
329,2556008073193230,2020-08-14 14:45:00,2020-08-14 15:00:00,1,1,,Therapeutic Massage Chair 15 minutes ,R1A-NUDDSTOLL,normal,,,,,,1,Member Chair 15m - 45 day,,,0.0,0,2020-08-07 15:15:00,Lobby,,,,,,,,201805161730945916
330,2556008071555644,2020-08-08 15:00:00,2020-08-08 16:30:00,2,2,,Weightless Luxury Float,R1A-STDFLOT,normal,,BLACKFRIDAY VOUCHER,,,,0,,,,0.0,0,2020-08-07 16:11:00,Manager,2020-08-07 16:23:00,Manager,,,,"No, just quiet, please","No, just dark after I get in...",-253726236304554215
331,2556008071021908,2020-08-08 13:30:00,2020-08-08 15:00:00,2,2,,Weightless Luxury Float,R1A-STDFLOT,normal,,BLACKFRIDAY VOUCHER,,,,0,,,,0.0,0,2020-08-07 16:44:00,Manager,2020-08-07 16:44:00,Manager,,,,"No, just quiet, please","No, just dark after I get in...",6924566183811233434
332,2556008071965485,2020-08-08 12:00:00,2020-08-08 13:30:00,1,1,,Weightless Luxury Float,R1A-STDFLOT,normal,,SUMAR25,,,,0,,,,5337.84,5925,2020-08-07 18:48:00,CUSTOMER,,,,,,"No, just quiet, please","No, just dark after I get in...",4160433497615341847
333,2556008073310485,2020-08-08 11:45:00,2020-08-08 12:00:00,1,1,,Therapeutic Massage Chair 15 minutes ,R1A-NUDDSTOLL,normal,,SUMAR25,,,,0,,,,1216.22,1350,2020-08-07 18:50:00,CUSTOMER,,,,,,,,4160433497615341847
334,2556008073487004,2020-08-08 12:00:00,2020-08-08 13:30:00,1,1,,Weightless Luxury Float,R1A-STDFLOT,normal,,SUMAR25,,,,0,,,,5337.84,5925,2020-08-07 18:53:00,CUSTOMER,,,,,,"Yes, ambient music for 45m","Yes, low for 15m",-3913870139141670956
335,2556008076502193,2020-08-08 12:00:00,2020-08-08 13:30:00,1,1,,Weightless Luxury Float,R1A-STDFLOT,normal,,SUMAR25,,,,0,,,,5337.84,5925,2020-08-07 18:56:00,CUSTOMER,,,,,,"No, just quiet, please","No, just dark after I get in...",-5565380505066386469
336,2556008072765624,2020-08-08 12:30:00,2020-08-08 12:45:00,1,1,,Therapeutic Massage Chair 15 minutes ,R1A-NUDDSTOLL,normal,,SUMAR25,,,,0,,,,1216.22,1350,2020-08-07 18:59:00,CUSTOMER,,,,,,,,6757347900150300651
337,2556008077832531,2020-08-08 11:15:00,2020-08-08 11:30:00,1,1,,Therapeutic Massage Chair 15 minutes ,R1A-NUDDSTOLL,normal,,,,,,1,Member Chair 15m - 45 day,,,0.0,0,2020-08-07 19:51:00,CUSTOMER,,,,,,,,-2371667822652658021
338,2556008076627060,2020-08-08 13:30:00,2020-08-08 15:00:00,1,1,,Weightless Luxury Float,R1A-STDFLOT,normal,,,,,,0,,,,7117.12,7900,2020-08-07 22:08:00,CUSTOMER,,,,,,"No, just quiet, please","No, just dark after I get in...",-2073482712557261803
339,2556008085930161,2020-08-12 16:30:00,2020-08-12 18:00:00,1,1,,Weightless Luxury Float,R1A-STDFLOT,normal,,,,,,0,,,,7117.12,7900,2020-08-07 23:59:00,CUSTOMER,2020-08-12 15:55:00,Manager,,,,"Yes, ambient music for 15m","No, just dark after I get in...",580861883410201456
340,2556008081402781,2020-08-09 18:00:00,2020-08-09 19:30:00,1,1,,Weightless Luxury Float,R1A-STDFLOT,normal,,SUMAR25,,,,0,,,,5337.84,5925,2020-08-08 12:57:00,CUSTOMER,,,,,,"Yes, ambient music for 15m","Yes, low for 15m",8468281858617583915
341,2556008087207897,2020-08-08 16:45:00,2020-08-08 17:00:00,1,1,,Therapeutic Massage Chair 15 minutes ,R1A-NUDDSTOLL,normal,,,,,,1,Member Chair 15m - 45 day,,,0.0,0,2020-08-08 16:57:00,Lobby,,,,,,,,-802548053470034017
342,2556008089966417,2020-08-08 18:00:00,2020-08-08 19:30:00,1,1,,Weightless Luxury Float,R1A-STDFLOT,normal,,,,,,1,Members Floats - 45 Day Expire,,,0.0,0,2020-08-08 16:59:00,Lobby,2020-08-08 17:10:00,Hydra Spa - Lobby,,,,"No, just quiet, please","No, just dark after I get in...",-802548053470034017
343,2556008087271280,2020-08-08 18:00:00,2020-08-08 19:30:00,1,1,,Weightless Luxury Float,R1A-STDFLOT,normal,,,,,,0,,,,7117.12,7900,2020-08-08 17:11:00,Lobby,,,,,,"No, just quiet, please","No, just dark after I get in...",0
344,2556008082411330,2020-08-09 13:30:00,2020-08-09 15:00:00,1,1,,Weightless Luxury Float,R1A-STDFLOT,normal,,,,,,0,,,,7117.12,7900,2020-08-08 23:43:00,CUSTOMER,,,,,,"Yes, ambient music for 45m","Yes, low for 45m",-3196143891425325309
345,2556008099818515,2020-09-03 13:30:00,2020-09-03 15:00:00,2,2,,Weightless Luxury Float,R1A-STDFLOT,normal,,GJAFABREF 2018-2019,2.0,"2F-73942ZR,2F-73942ZR",,0,,,,0.0,0,2020-08-09 13:28:00,CUSTOMER,2020-08-09 18:53:00,Manager,,,,"Yes, ambient music for 60m","Yes, low for 15m",7678615042806379246
346,2556008099645088,2020-08-09 15:00:00,2020-08-09 16:30:00,1,1,,Weightless Luxury Float,R1A-STDFLOT,normal,,,,,,1,Members Floats - 45 Day Expire,,,0.0,0,2020-08-09 13:40:00,CUSTOMER,,,,,,"No, just quiet, please","No, just dark after I get in...",438003447471896629
347,2556008099833436,2020-08-09 14:45:00,2020-08-09 15:00:00,1,1,,Therapeutic Massage Chair 15 minutes ,R1A-NUDDSTOLL,normal,,,,,,1,Member Chair 15m - 45 day,,,0.0,0,2020-08-09 13:44:00,CUSTOMER,,,,,,,,438003447471896629
348,2556008093446311,2020-08-15 16:30:00,2020-08-15 18:00:00,1,1,,Weightless Luxury Float,R1A-STDFLOT,normal,,,,,,0,,,,7117.12,0,2020-08-09 17:42:00,CUSTOMER,,,,,,"Yes, ambient music for 60m","Yes, low for 30m",-3451280837235493309
349,2556008095165754,2020-08-12 10:45:00,2020-08-12 11:15:00,1,1,,Therapeutic Massage Chair (30 minutes),R1A-NUDDSTOLL30,canceled,,,,,,0,,,,2612.61,0,2020-08-09 21:33:00,CUSTOMER,2020-08-12 11:04:00,Lobby,2020-08-12 11:05:00,Ryan Kevinsson,no,,,-860826560238902075
350,2556008102239010,2020-08-12 12:00:00,2020-08-12 13:30:00,2,2,,Weightless Luxury Float,R1A-STDFLOT,pending payment,,,,,,0,,,,14234.24,0,2020-08-10 08:20:00,CUSTOMER,2020-08-14 11:01:00,Manager,,,,"Yes, ambient music for 30m","Yes, low for 30m",-3044859681323681552
351,2556008105956747,2020-08-15 16:30:00,2020-08-15 18:00:00,2,2,,Weightless Luxury Float,R1A-STDFLOT,normal,,SUMAR25,,,,0,,,,10675.68,11850,2020-08-10 12:09:00,CUSTOMER,,,,,,"Yes, ambient music for 45m","Yes, low for 45m",7345462397159165929
352,2556008101531124,2020-08-12 19:30:00,2020-08-12 21:00:00,1,1,,Weightless Luxury Float,R1A-STDFLOT,normal,,GJAFABREF 2018-2019,1.0,2HF-294659VM,,0,,,,0.0,0,2020-08-10 12:51:00,CUSTOMER,,,,,,"Yes, ambient music for 15m","Yes, low for 15m",-3705297175563830169
353,2556008105109872,2020-08-12 16:30:00,2020-08-12 18:00:00,1,1,,Weightless Luxury Float,R1A-STDFLOT,normal,,SUMAR25,,,,0,,,,5337.84,5925,2020-08-10 22:38:00,CUSTOMER,2020-08-11 15:57:00,Hydra Spa - Lobby,,,,"Yes, ambient music for 60m","Yes, low for 60m",-8718529675837010693
354,2556008103750948,2020-08-12 16:30:00,2020-08-12 18:00:00,1,1,,Weightless Luxury Float,R1A-STDFLOT,normal,,,,,,0,,,,7117.12,7900,2020-08-10 22:39:00,CUSTOMER,2020-08-11 15:56:00,Hydra Spa - Lobby,,,,"Yes, ambient music for 60m","Yes, low for 60m",-8718529675837010693
355,2556008104004929,2020-08-21 18:00:00,2020-08-21 19:30:00,2,2,,Weightless Luxury Float,R1A-STDFLOT,normal,,SUMAR25,,,,0,,,,10675.68,11850,2020-08-10 23:16:00,CUSTOMER,,,,,,I will decide at the spa.,I will decide at the spa.,141889841192585039
356,2556008106743573,2020-08-12 10:15:00,2020-08-12 10:30:00,1,1,,Therapeutic Massage Chair 15 minutes ,R1A-NUDDSTOLL,canceled,,,,,,0,,,,1621.62,1800,2020-08-10 23:16:00,CUSTOMER,,,2020-08-11 10:23:00,CUSTOMER,,,,8378726598837343591
357,2556008106644285,2020-08-26 19:30:00,2020-08-26 21:00:00,1,1,,Weightless Luxury Float,R1A-STDFLOT,normal,,SUMAR25,,,,0,,,,5337.84,0,2020-08-10 23:28:00,CUSTOMER,,,,,,"Yes, ambient music for 60m","No, just dark after I get in...",6159198628986312617
358,2556008115707546,2020-08-12 19:30:00,2020-08-12 21:00:00,2,2,,Weightless Luxury Float,R1A-STDFLOT,normal,,,,,,0,,,,14234.24,15800,2020-08-11 00:28:00,CUSTOMER,,,,,,"Yes, ambient music for 45m","Yes, low for 15m",8828548310277758122
359,2556008118611687,2020-08-12 20:15:00,2020-08-12 20:45:00,1,1,,Therapeutic Massage Chair (30 minutes),R1A-NUDDSTOLL30,canceled,,,,,,0,,,,2612.61,0,2020-08-11 12:53:00,Manager,,,2020-08-12 10:34:00,Ryan Kevinsson,no,,,5977680303343794892
360,2556008111414202,2020-08-13 18:00:00,2020-08-13 19:30:00,2,2,,Weightless Luxury Float,R1A-STDFLOT,normal,,SUMAR25,,,,0,,,,10675.68,11850,2020-08-11 13:52:00,CUSTOMER,,,,,,I will decide at the spa.,I will decide at the spa.,8065810676757988785
361,2556008116459906,2020-08-12 18:00:00,2020-08-12 19:30:00,2,2,,Weightless Luxury Float,R1A-STDFLOT,normal,,SUMAR25,,,,0,,,,10675.68,11850,2020-08-11 16:03:00,CUSTOMER,,,,,,I will decide at the spa.,I will decide at the spa.,-4632341558464779547
362,2556008115010607,2020-08-15 13:30:00,2020-08-15 15:00:00,2,2,,Weightless Luxury Float,R1A-STDFLOT,normal,,SUMAR25,,,,0,,,,10675.68,11850,2020-08-11 19:48:00,CUSTOMER,,,,,,I will decide at the spa.,"No, just dark after I get in...",-173076495696046585
363,2556008111236487,2020-08-13 16:30:00,2020-08-13 18:00:00,1,1,,Weightless Luxury Float,R1A-STDFLOT,normal,,,,,,1,Members Floats - 45 Day Expire,,,0.0,0,2020-08-11 21:26:00,CUSTOMER,2020-08-13 13:46:00,Manager,,,,I will decide at the spa.,"No, just dark after I get in...",719297947956609168
364,2556008128764458,2020-08-12 10:30:00,2020-08-12 12:00:00,1,1,,Weightless Luxury Float,R1A-STDFLOT,normal,,SUMAR25,,,,0,,,,5337.84,5925,2020-08-12 08:19:00,CUSTOMER,,,,,,"Yes, ambient music for 60m",I will decide at the spa.,1206609003334579185
365,2556008122453465,2020-08-13 19:30:00,2020-08-13 21:00:00,3,3,,Weightless Luxury Float,R1A-STDFLOT,canceled,,SUMAR25,,,,0,,,,16013.52,17775,2020-08-12 09:39:00,CUSTOMER,,,2020-08-13 13:20:00,CUSTOMER,,I will decide at the spa.,I will decide at the spa.,5292989171471305309
366,2556008124279228,2020-08-14 13:30:00,2020-08-14 15:00:00,1,1,,Weightless Luxury Float,R1A-STDFLOT,normal,,SUMAR25,,,,0,,,,5337.84,0,2020-08-12 10:03:00,CUSTOMER,,,,,,I will decide at the spa.,I will decide at the spa.,-1693823616780947189
367,2556008124058770,2020-08-14 10:30:00,2020-08-14 12:00:00,2,2,,Weightless Luxury Float,R1A-STDFLOT,normal,,,,,,0,,Cash afsl,-800.0,13641.65,9000,2020-08-12 14:06:00,Manager,2020-08-14 10:56:00,Manager,,,,I will decide at the spa.,"No, just dark after I get in...",0
368,2556008122006999,2020-08-15 12:00:00,2020-08-15 13:30:00,2,2,,Weightless Luxury Float,R1A-STDFLOT,normal,,,,,,0,,,,14234.24,0,2020-08-12 17:28:00,Manager,,,,,,I will decide at the spa.,"No, just dark after I get in...",0
369,2556008124541799,2020-08-22 12:00:00,2020-08-22 13:30:00,2,2,,Weightless Luxury Float,R1A-STDFLOT,normal,,,,,,0,,,,14234.24,15800,2020-08-12 20:43:00,CUSTOMER,,,,,,I will decide at the spa.,I will decide at the spa.,946880948819386494
370,2556008123218344,2020-08-14 19:30:00,2020-08-14 21:00:00,2,2,,Weightless Luxury Float,R1A-STDFLOT,normal,,GJAFABREF 2018-2019,2.0,"2F-37682GX,2F-37682GX",,0,,,,0.0,0,2020-08-12 22:43:00,CUSTOMER,,,,,,I will decide at the spa.,"No, just dark after I get in...",-2939745960153114467
371,2556008127406799,2020-08-13 12:00:00,2020-08-13 13:30:00,1,1,,Weightless Luxury Float,R1A-STDFLOT,normal,,SUMAR25,,,,0,,,,5337.84,5925,2020-08-12 23:42:00,CUSTOMER,,,,,,I will decide at the spa.,"No, just dark after I get in...",3958408301330976671
372,2556008138057997,2020-08-15 18:00:00,2020-08-15 19:30:00,2,2,,Weightless Luxury Float,R1A-STDFLOT,normal,,SUMAR25,,,,0,,,,10675.68,11850,2020-08-13 10:56:00,CUSTOMER,,,,,,I will decide at the spa.,I will decide at the spa.,-2794939118810119054
373,2556008137089810,2020-08-13 13:30:00,2020-08-13 15:00:00,1,1,,Weightless Luxury Float,R1A-STDFLOT,normal,,GJAFABREF 2018-2019,1.0,HF-99242AF,,0,,,,0.0,0,2020-08-13 11:05:00,CUSTOMER,,,,,,I will decide at the spa.,"No, just dark after I get in...",-2820111918292421065
374,2556008139432407,2020-08-20 12:15:00,2020-08-20 12:45:00,1,1,,Therapeutic Massage Chair (30 minutes),R1A-NUDDSTOLL30,normal,,,,,,0,,,,2612.61,2900,2020-08-13 12:37:00,Hydra Spa - Desk,,,,,no,,,5977680303343794892
375,2556008133161847,2020-08-14 12:00:00,2020-08-14 13:30:00,2,2,,Weightless Luxury Float,R1A-STDFLOT,normal,,,,,,0,,,,14234.24,0,2020-08-13 13:42:00,CUSTOMER,,,,,,"Yes, ambient music for 60m","Yes, low for 60m",-3645414168988967629
376,2556008139698515,2020-08-13 19:30:00,2020-08-13 21:00:00,1,1,,Weightless Luxury Float,R1A-STDFLOT,normal,,,,,,0,,,,7117.12,7900,2020-08-13 13:46:00,CUSTOMER,,,,,,I will decide at the spa.,I will decide at the spa.,-6336448951253012926
377,2556008139760389,2020-08-13 16:30:00,2020-08-13 18:00:00,1,1,,Weightless Luxury Float,R1A-STDFLOT,normal,,,,,,1,Members Floats - 45 Day Expire,,,0.0,0,2020-08-13 13:47:00,Manager,,,,,,I will decide at the spa.,"No, just dark after I get in...",719297947956609168
378,2556008139984161,2020-08-14 13:30:00,2020-08-14 15:00:00,1,1,,Weightless Luxury Float,R1A-STDFLOT,canceled,,,,,,0,,,,7117.12,0,2020-08-13 14:48:00,Manager,,,2020-08-14 10:13:00,Ryan Kevinsson,,I will decide at the spa.,"No, just dark after I get in...",0
379,2556008135734199,2020-08-19 10:30:00,2020-08-19 12:00:00,1,1,,Weightless Luxury Float,R1A-STDFLOT,normal,,,,,,0,,new float,-7900.0,1265.27,0,2020-08-13 14:59:00,Hydra Spa - Desk,,,,,,I will decide at the spa.,"No, just dark after I get in...",-2820111918292421065
380,2556008135751233,2020-09-20 18:00:00,2020-09-20 19:30:00,2,2,,Weightless Luxury Float,R1A-STDFLOT,normal,,SUMAR25,,,,0,,,,10675.68,0,2020-08-13 17:02:00,CUSTOMER,,,,,,I will decide at the spa.,I will decide at the spa.,2987330601865478805
381,2556008139454833,2020-08-16 12:00:00,2020-08-16 13:30:00,1,1,,Weightless Luxury Float,R1A-STDFLOT,normal,,,,,,1,Members Floats - 45 Day Expire,,,0.0,0,2020-08-13 20:03:00,CUSTOMER,,,,,,"No, just quiet, please","No, just dark after I get in...",1757321753495189618
382,2556008138293454,2020-08-16 12:00:00,2020-08-16 13:30:00,1,1,,Weightless Luxury Float,R1A-STDFLOT,normal,,,,,,1,Members Floats - 45 Day Expire,,,0.0,0,2020-08-13 20:05:00,CUSTOMER,,,,,,"No, just quiet, please","No, just dark after I get in...",1757321753495189618
383,2556008134844044,2020-08-14 12:00:00,2020-08-14 13:30:00,1,1,,Weightless Luxury Float,R1A-STDFLOT,normal,,,,,,0,,Family,-7900.0,1265.27,0,2020-08-13 22:22:00,Manager,,,,,,I will decide at the spa.,"No, just dark after I get in...",6913748997808263011
384,2556008135840183,2020-08-14 18:00:00,2020-08-14 19:30:00,2,2,,Weightless Luxury Float,R1A-STDFLOT,normal,,SUMAR25,,,,0,,,,10675.68,0,2020-08-13 23:28:00,Manager,,,,,,I will decide at the spa.,"No, just dark after I get in...",0
385,2556008144676688,2020-08-19 10:30:00,2020-08-19 12:00:00,1,1,,Weightless Luxury Float,R1A-STDFLOT,normal,,,,,,1,Members Floats - 45 Day Expire,,,0.0,0,2020-08-14 08:40:00,CUSTOMER,,,,,,"No, just quiet, please","No, just dark after I get in...",-4921937457376125369
386,2556008143531237,2020-08-26 12:00:00,2020-08-26 13:30:00,2,2,,Weightless Luxury Float,R1A-STDFLOT,normal,,SUMAR25,,,,0,,,,10675.68,11850,2020-08-14 10:16:00,CUSTOMER,,,,,,I will decide at the spa.,I will decide at the spa.,2277969270348947814
387,2556008145500456,2020-08-14 18:00:00,2020-08-14 19:30:00,1,1,,Weightless Luxury Float,R1A-STDFLOT,normal,,,,,,0,,,,7117.12,0,2020-08-14 10:21:00,Manager,,,,,,I will decide at the spa.,"No, just dark after I get in...",0
